index,park,city
1,"/W/h/e/n/ /I/ /w/a/s/ /c/h/i/l/d/,/ /I/ /t/h/o/u/g/h/t/ /t/h/e/ /p/l/a/y/g/r/o/u/n/d/ /w/a/s/ /b/i/g/./././ /S/i/n/c/e/ /w/h/e/n/ /i/t/ /s/t/a/r/t/e/d/ /s/e/e/m/i/n/g/ /s/o/ /s/m/a/l/l/?/",/./././t/o/o/ /m/a/n/y/ /p/e/o/p/l/e/ /h/e/r/e/
2,"/I/ /t/h/i/n/k/ /i/t/'/s/ /g/o/o/d/ /t/o/ /d/r/i/n/k/ /f/i/s/h/ /s/o/u/p/ /i/n/ /a/ /p/a/p/e/r/ /c/u/p/,/ /a/s/ /i/t/ /w/a/r/m/s/ /y/o/u/r/ /h/a/n/d/s/ /a/n/d/ /y/o/u/r/ /b/o/d/y/./","/I/t/ /w/a/s/ /c/l/o/u/d/y/ /b/e/c/a/u/s/e/ /i/t/ /r/a/i/n/e/d/,/ /b/u/t/ /t/h/e/ /a/i/r/ /s/e/e/m/s/ /t/o/ /h/a/v/e/ /c/l/e/a/r/e/d/ /u/p/./"
3,/I/ /t/h/i/n/k/ /t/h/e/ /w/i/n/d/ /i/s/ /a/ /l/i/t/t/l/e/ /c/o/l/d/./,/I/ /t/h/i/n/k/ /I/ /c/a/n/ /h/e/a/r/ /a/ /l/i/t/t/l/e/ /m/u/s/i/c/ /f/r/o/m/ /t/h/e/ /c/a/f/e/ /n/e/x/t/ /d/o/o/r/./
4,"/I/'/v/e/ /h/e/a/r/d/ /a/ /l/o/t/ /o/f/ /t/h/u/n/d/e/r/s/,/ /b/u/t/ /I/ /t/h/i/n/k/ /I/'/v/e/ /s/e/e/n/ /n/o/t/ /m/a/n/y/ /l/i/g/h/t/n/i/n/g/s/./",/I/ /s/m/e/l/l/ /s/o/m/e/t/h/i/n/g/ /y/u/m/m/y/ /i/n/ /t/h/e/ /w/i/n/d/./
5,/(/T/h/e/y/ /s/e/e/ /p/u/d/d/l/e/s/ /o/f/ /w/a/t/e/r/ /f/o/r/m/i/n/g/ /a/r/o/u/n/d/ /t/h/e/ /b/o/o/t/s/ /o/n/ /t/h/e/ /f/l/o/o/r/)/,/P/o/w/e/r/ /c/o/r/d/s/ /h/a/n/g/ /l/i/k/e/ /a/ /s/p/i/d/e/r/'/s/ /w/e/b/ /i/n/ /t/h/e/ /g/r/a/y/ /s/k/y/./
6,/(/A/n/ /e/a/r/t/h/w/o/r/m/ /i/s/ /c/r/a/w/l/i/n/g/ /i/n/ /t/h/e/ /d/i/s/t/a/n/c/e/./ /T/h/e/y/ /a/r/e/ /s/t/a/r/i/n/g/ /a/t/ /i/t/ /f/o/r/ /a/ /l/o/n/g/ /t/i/m/e/)/,/I/'/d/ /s/a/y/ /y/o/u/ /g/e/t/ /t/o/ /s/e/e/ /a/ /l/o/t/ /o/f/ /d/i/f/f/e/r/e/n/t/ /p/e/o/p/l/e/./ /I/ /t/h/i/n/k/ /t/h/e/ /p/a/s/s/e/r/b/y/ /o/v/e/r/ /t/h/e/r/e/ /i/s/ /v/e/r/y/ /b/u/s/y/./
7,/W/h/o/ /o/w/n/s/ /t/h/i/s/ /s/t/o/r/e/?/ /I/ /w/o/n/d/e/r/ /i/f/ /t/h/e/ /o/w/n/e/r/ /i/s/ /r/e/a/l/l/y/ /n/o/t/ /h/e/r/e/./,"/E/v/e/n/ /i/n/ /t/h/e/ /c/r/o/w/d/,/ /I/ /a/m/ /a/l/o/n/e/./ /H/o/w/ /m/a/n/y/ /p/e/o/p/l/e/ /i/n/ /m/y/ /l/i/f/e/ /t/r/u/l/y/ /r/e/c/o/g/n/i/z/e/ /m/e/?/"
8,/I/t/'/s/ /b/e/e/n/ /a/ /w/h/i/l/e/ /s/i/n/c/e/ /I/'/v/e/ /h/e/a/r/d/ /a/ /f/r/o/g/ /o/n/ /a/ /r/a/i/n/y/ /d/a/y/./ /W/h/e/r/e/ /a/r/e/ /t/h/e/y/ /h/i/d/i/n/g/?/,/I/ /t/h/i/n/k/ /t/h/e/ /s/n/a/c/k/ /s/h/o/p/ /s/m/e/l/l/s/ /y/u/m/m/y/./
9,/(/I/ /c/a/n/ /h/e/a/r/ /t/h/e/ /p/i/a/n/o/ /i/n/ /t/h/e/ /d/i/s/t/a/n/c/e/)/ /T/h/e/r/e/ /m/u/s/t/ /b/e/ /a/ /p/i/a/n/o/ /a/c/a/d/e/m/y/ /n/e/a/r/b/y/./,/I/ /t/h/i/n/k/ /I/ /s/m/e/l/l/ /s/a/v/o/r/y/ /b/r/e/a/d/ /s/o/m/e/w/h/e/r/e/./
10,/I/ /t/h/i/n/k/ /t/h/e/ /s/m/e/l/l/ /o/f/ /r/a/i/n/ /i/s/ /n/o/t/ /t/h/a/t/ /b/a/d/./,/(/T/h/e/y/ /s/e/e/ /t/r/a/s/h/ /r/o/l/l/i/n/g/ /d/o/w/n/ /t/h/e/ /s/t/r/e/e/t/)/
11,"/T/h/e/ /u/m/b/r/e/l/l/a/ /i/s/ /t/r/a/n/s/p/a/r/e/n/t/,/ /s/o/ /I/ /c/a/n/ /s/e/e/ /t/h/e/ /r/a/i/n/d/r/o/p/s/ /w/e/l/l/./ /I/ /t/h/i/n/k/ /t/h/a/t/'/s/ /w/h/y/ /I/ /c/a/n/ /h/e/a/r/ /t/h/e/ /s/o/u/n/d/ /o/f/ /r/a/i/n/ /b/e/t/t/e/r/./","/W/h/e/r/e/v/e/r/ /w/e/ /g/o/,/ /t/h/e/r/e/ /i/s/ /t/r/a/s/h/ /o/n/ /t/h/e/ /s/t/r/e/e/t/./ /G/a/r/b/a/g/e/ /l/e/f/t/ /u/n/a/t/t/e/n/d/e/d/ /o/n/ /t/h/e/ /s/t/r/e/e/t/ /m/a/k/e/s/ /t/h/e/ /s/t/r/e/e/t/ /d/a/n/g/e/r/o/u/s/ /a/n/d/ /w/e/ /c/a/l/l/ /i/t/ /t/h/e/ /b/r/o/k/e/n/ /w/i/n/d/o/w/ /t/h/e/o/r/y/./"
12,"/W/h/e/n/ /o/n/e/ /p/e/r/s/o/n/ /s/t/a/r/t/s/ /t/h/r/o/w/i/n/g/ /g/a/r/b/a/g/e/ /o/n/ /t/h/e/ /s/t/r/e/e/t/,/ /t/h/e/r/e/ /s/e/e/m/s/ /t/o/ /b/e/ /n/o/ /e/n/d/ /t/o/ /i/t/./",/I/t/'/s/ /i/m/p/o/s/s/i/b/l/e/ /t/o/ /h/a/v/e/ /n/o/ /o/b/s/t/a/c/l/e/s/ /i/n/ /l/i/f/e/./ /S/o/ /i/s/ /i/t/ /e/v/e/n/ /w/o/r/t/h/ /i/t/?/
13,"/I/ /k/n/o/w/ /t/h/a/t/ /I/ /s/h/o/u/l/d/ /n/o/t/ /d/o/ /b/a/d/ /t/h/i/n/g/s/ /b/u/t/ /I/ /u/n/c/o/n/s/c/i/o/u/s/l/y/ /d/o/ /i/t/,/ /s/o/ /I/ /f/e/e/l/ /b/a/d/./","/O/n/e/ /d/a/y/ /I/ /w/i/l/l/ /t/r/a/v/e/l/ /t/o/ /d/i/f/f/e/r/e/n/t/ /p/l/a/c/e/s/ /a/n/d/ /m/e/e/t/ /p/e/o/p/l/e/./ /A/s/ /K/o/r/e/a/n/ /p/r/o/v/e/r/b/ /s/a/y/s/,/ /y/o/u/ /c/a/n/'/t/ /b/e/ /a/ /f/r/o/g/ /i/n/ /a/ /w/e/l/l/ /f/o/r/e/v/e/r/./"
14,/S/e/e/i/n/g/ /c/h/i/l/d/r/e/n/ /p/l/a/y/i/n/g/ /h/a/p/p/i/l/y/ /m/a/k/e/s/ /m/e/ /f/e/e/l/ /h/a/p/p/y/ /t/o/o/./,/I/ /f/e/l/l/ /o/n/ /t/h/e/ /r/o/a/d/ /w/h/i/l/e/ /r/u/n/n/i/n/g/ /w/h/e/n/ /I/ /w/a/s/ /y/o/u/n/g/./ /M/y/ /k/n/e/e/ /r/e/a/l/l/y/ /h/u/r/t/./
15,/I/ /w/a/n/t/ /t/o/ /g/o/ /s/e/e/ /a/ /s/h/o/w/./ /I/ /w/a/n/t/ /t/o/ /h/a/v/e/ /f/u/n/ /o/n/c/e/ /i/n/ /a/ /w/h/i/l/e/./,/(/T/h/e/y/ /a/r/e/ /l/o/o/k/i/n/g/ /a/t/ /t/h/e/ /s/t/a/g/n/a/n/t/ /w/a/t/e/r/ /u/n/d/e/r/ /t/h/e/i/r/ /f/e/e/t/)/
16,"/I/f/ /y/o/u/ /s/c/r/e/a/m/ /l/o/u/d/l/y/ /i/n/ /t/h/e/ /r/a/i/n/,/ /y/o/u/'/l/l/ /b/e/ /d/r/o/w/n/e/d/ /o/u/t/ /b/y/ /t/h/e/ /s/o/u/n/d/ /o/f/ /r/a/i/n/./",/(/T/h/e/y/ /a/r/e/ /l/o/o/k/i/n/g/ /a/t/ /t/h/e/ /r/a/i/n/d/r/o/p/s/ /h/a/n/g/i/n/g/ /f/r/o/m/ /t/h/e/ /e/n/d/ /o/f/ /t/h/e/ /u/m/b/r/e/l/l/a/)/
17,/I/ /l/i/k/e/ /t/h/e/ /w/a/y/ /t/h/e/ /d/e/w/ /r/o/l/l/s/ /o/n/ /t/h/e/ /b/l/a/d/e/ /o/f/ /g/r/a/s/s/ /w/h/e/n/ /I/ /t/a/p/ /i/t/./,/I/ /h/o/p/e/ /t/o/ /a/c/h/i/e/v/e/ /w/h/a/t/ /I/ /w/a/n/t/ /s/o/m/e/d/a/y/./ /S/o/ /I/ /h/a/v/e/ /t/o/ /t/r/y/ /h/a/r/d/./
18,/T/h/e/r/e/ /i/s/ /a/ /l/o/t/ /o/f/ /t/r/a/s/h/ /o/n/ /t/h/e/ /g/r/o/u/n/d/./ /T/h/e/r/e/'/s/ /n/o/ /e/n/d/ /t/o/ /c/l/e/a/n/i/n/g/ /u/p/./,"/W/h/e/n/ /e/v/e/r/y/o/n/e/ /i/s/ /l/o/o/k/i/n/g/ /a/t/ /m/e/,/ /I/ /w/o/n/d/e/r/ /w/h/a/t/ /I/ /a/m/ /d/o/i/n/g/ /w/r/o/n/g/./"
19,/(/T/h/e/y/ /a/r/e/ /l/o/o/k/i/n/g/ /a/t/ /t/h/e/ /s/k/y/./ /I/t/ /i/s/ /r/a/i/n/i/n/g/)/,"/W/h/e/n/ /l/i/g/h/t/n/i/n/g/ /s/t/r/i/k/e/s/ /w/h/e/n/ /I/'/m/ /o/u/t/s/i/d/e/,/ /I/'/m/ /m/o/r/e/ /s/u/r/p/r/i/s/e/d/ /t/h/a/n/ /w/h/e/n/ /I/'/m/ /a/t/ /h/o/m/e/./"
20,/I/ /f/e/e/l/ /l/i/k/e/ /e/a/t/i/n/g/ /t/t/e/o/k/b/o/k/k/i/./ /I/t/'/s/ /b/e/t/t/e/r/ /t/o/ /e/a/t/ /i/t/ /w/i/t/h/ /k/i/m/b/a/p/./,/I/ /s/e/e/ /p/e/o/p/l/e/ /w/i/t/h/ /d/i/f/f/e/r/e/n/t/ /s/t/y/l/e/s/./
21,/I/ /d/o/n/'/t/ /k/n/o/w/ /w/h/e/r/e/ /c/u/r/i/o/s/i/t/y/ /c/o/m/e/s/ /f/r/o/m/./ /I/ /t/h/i/n/k/ /n/o/ /o/n/e/ /k/n/o/w/s/ /f/o/r/ /s/u/r/e/,/T/h/e/r/e/ /a/r/e/ /t/o/o/ /m/a/n/y/ /e/l/e/c/t/r/i/c/ /w/i/r/e/s/ /a/b/o/v/e/./ /I/t/'/s/ /d/i/f/f/e/r/e/n/t/ /f/r/o/m/ /s/e/e/i/n/g/ /i/t/ /a/t/ /h/o/m/e/./
22,"/I/ /d/o/n/'/t/ /k/n/o/w/ /w/h/a/t/ /t/h/e/ /f/u/t/u/r/e/ /h/o/l/d/s/ /f/o/r/ /m/e/,/ /s/o/ /I/'/m/ /s/c/a/r/e/d/ /b/u/t/ /I/'/m/ /a/l/s/o/ /l/o/o/k/i/n/g/ /f/o/r/w/a/r/d/ /t/o/ /i/t/./",/T/h/e/ /a/l/l/e/y/s/ /a/r/e/ /q/u/i/e/t/ /b/u/t/ /a/ /l/i/t/t/l/e/ /s/c/a/r/y/./
23,/I/ /l/i/k/e/ /t/o/ /h/a/v/e/ /r/a/i/n/ /f/a/l/l/ /o/n/ /m/y/ /h/a/n/d/./ /A/n/d/ /I/ /b/e/t/ /s/n/a/i/l/s/ /w/o/u/l/d/ /k/n/o/w/ /w/h/a/t/ /i/t/ /m/e/a/n/s/./,/M/a/n/y/ /p/e/o/p/l/e/ /a/r/e/ /b/u/s/y/ /l/i/v/i/n/g/ /t/h/e/i/r/ /o/w/n/ /l/i/v/e/s/ /w/i/t/h/ /t/h/e/i/r/ /o/w/n/ /t/h/i/n/g/s/././
24,/L/a/s/t/ /t/i/m/e/ /I/ /d/r/a/n/k/ /o/r/a/n/g/e/ /j/u/i/c/e/ /a/n/d/ /i/t/ /w/a/s/ /a/s/ /f/r/e/s/h/ /a/s/ /I/ /t/h/o/u/g/h/t/./ /I/ /t/h/o/u/g/h/t/ /i/t/ /w/o/u/l/d/ /t/a/s/t/e/ /s/w/e/e/t/e/r/ /t/h/o/u/g/h/./,/I/ /j/u/s/t/ /w/o/n/d/e/r/ /i/f/ /p/e/o/p/l/e/ /w/o/u/l/d/ /c/o/m/e/ /c/l/o/s/e/r/ /t/o/ /m/e/ /i/f/ /I/ /o/p/e/n/ /m/y/ /h/e/a/r/t/./
25,"/W/h/e/n/ /I/ /u/s/e/d/ /t/o/ /g/o/ /o/n/ /a/ /p/i/c/n/i/c/ /d/u/r/i/n/g/ /s/c/h/o/o/l/ /d/a/y/s/,/ /I/ /u/s/e/d/ /t/o/ /b/e/ /j/e/a/l/o/u/s/ /t/o/ /s/e/e/ /l/u/n/c/h/ /m/e/a/l/s/ /c/a/r/e/f/u/l/l/y/ /m/a/d/e/./",/I/t/'/s/ /m/o/r/e/ /d/i/f/f/i/c/u/l/t/ /t/o/ /g/e/t/ /c/l/o/s/e/r/ /t/o/ /s/o/m/e/o/n/e/ /t/h/a/n/ /w/a/i/t/ /f/o/r/ /s/o/m/e/o/n/e/ /t/o/ /c/o/m/e/./
26,/I/ /f/e/e/l/ /l/i/k/e/ /I/’/m/ /g/e/t/t/i/n/g/ /m/o/r/e/ /i/n/t/o/ /t/h/e/ /s/o/u/n/d/ /o/f/ /r/a/i/n/./,/M/y/ /f/e/e/t/ /h/u/r/t/ /f/r/o/m/ /w/a/l/k/i/n/g/ /a/r/o/u/n/d/ /a/l/l/ /d/a/y/./
27,"/I/ /h/o/p/e/ /m/y/ /h/e/a/r/t/ /w/i/l/l/ /w/a/r/m/ /u/p/ /s/o/m/e/d/a/y/./ /I/ /w/a/n/t/ /t/o/ /t/h/r/o/w/ /a/w/a/y/ /a/l/l/ /o/f/ /t/h/e/ /f/e/a/r/,/ /a/n/x/i/e/t/y/ /a/n/d/ /w/o/r/r/i/e/s/./",/I/ /g/u/e/s/s/ /t/h/e/r/e/ /a/r/e/n/'/t/ /m/a/n/y/ /p/l/a/c/e/s/ /i/n/ /t/h/e/ /c/i/t/y/ /t/o/ /s/i/t/ /d/o/w/n/./
28,/I/t/’/s/ /n/o/t/ /b/a/d/ /t/o/ /c/o/m/e/ /o/u/t/s/i/d/e/ /a/n/d/ /e/n/j/o/y/ /t/h/e/ /s/o/u/n/d/ /o/f/ /r/a/i/n/ /a/n/d/ /t/o/ /s/e/e/ /t/h/e/ /s/c/e/n/e/r/y/./,/T/h/i/s/ /i/s/ /g/o/i/n/g/ /t/o/ /b/e/ /a/ /v/a/l/u/a/b/l/e/ /m/o/m/e/n/t/ /f/o/r/ /s/o/m/e/o/n/e/./
29,/T/h/e/r/e/ /a/r/e/ /m/a/n/y/ /r/e/a/l/l/y/ /d/a/r/k/ /c/l/o/u/d/s/./,/W/o/u/l/d/n/'/t/ /i/t/ /b/e/ /g/r/e/a/t/ /i/f/ /y/o/u/ /c/o/u/l/d/ /c/h/a/n/g/e/ /p/e/o/p/l/e/'/s/ /b/a/d/ /h/a/b/i/t/s/?/
30,/T/h/i/s/ /c/a/t/ /l/o/o/k/s/ /s/o/ /r/e/l/a/x/e/d/./ /I/ /w/o/n/d/e/r/ /w/h/a/t/ /i/s/ /i/t/ /t/h/i/n/k/i/n/g/ /a/b/o/u/t/./,/I/ /d/o/n/'/t/ /w/a/n/t/ /t/o/ /k/n/o/w/ /h/o/w/ /i/t/ /f/e/e/l/s/ /w/h/e/n/ /t/h/e/ /s/k/y/ /f/a/l/l/s/./ /I/ /h/o/p/e/ /n/o/ /o/n/e/ /f/e/e/l/s/ /i/t/./
31,/I/t/ /c/o/m/e/s/ /a/n/d/ /g/o/e/s/ /q/u/i/e/t/l/y/ /a/t/ /s/o/m/e/ /p/o/i/n/t/./,/I/ /a/l/w/a/y/s/ /w/o/n/d/e/r/ /w/h/a/t/ /t/h/e/ /e/n/d/ /o/f/ /t/h/e/ /r/o/a/d/ /l/o/o/k/s/ /l/i/k/e/./
32,/I/ /h/a/v/e/n/'/t/ /g/o/n/e/ /t/o/ /t/h/e/ /b/a/n/k/ /f/o/r/ /a/ /l/o/n/g/ /t/i/m/e/ /b/e/c/a/u/s/e/ /I/ /h/a/v/e/ /n/o/ /r/e/a/s/o/n/ /t/o/ /g/o/ /t/h/e/r/e/./,/I/f/ /I/'/m/ /l/o/s/t/ /a/n/d/ /w/a/n/d/e/r/i/n/g/./././ /I/ /h/o/p/e/ /y/o/u/ /f/i/n/d/ /m/e/
33,"/E/v/e/n/ /i/f/ /y/o/u/ /a/r/e/ /b/u/s/y/,/ /y/o/u/ /s/h/o/u/l/d/ /d/o/ /s/o/m/e/ /w/a/l/k/i/n/g/ /e/x/e/r/c/i/s/e/ /f/o/r/ /y/o/u/r/ /h/e/a/l/t/h/ /s/a/k/e/./","/I/f/ /y/o/u/ /d/o/n/'/t/ /h/a/v/e/ /a/n/y/ /p/l/a/n/s/ /y/e/t/,/ /i/t/'/s/ /g/o/o/d/ /t/o/ /m/a/k/e/ /o/n/e/ /r/i/g/h/t/ /n/o/w/./ /I/t/'/s/ /n/o/t/ /t/o/o/ /l/a/t/e/./"
34,"/W/h/e/n/ /I/ /g/o/ /o/n/ /a/ /p/i/c/n/i/c/,/ /I/ /d/o/n/'/t/ /t/h/i/n/k/ /I/'/v/e/ /e/v/e/r/ /m/a/d/e/ /g/i/m/b/a/p/./ /I/ /a/l/w/a/y/s/ /b/o/u/g/h/t/ /i/t/./",/./././I/ /l/o/v/e/ /t/h/e/ /s/o/u/n/d/ /o/f/ /r/a/i/n/
35,"/W/h/e/n/ /I/ /w/a/s/ /a/ /c/h/i/l/d/,/ /I/ /u/s/e/d/ /t/o/ /p/l/a/y/ /o/u/t/s/i/d/e/ /a/ /l/o/t/ /w/h/e/n/ /i/t/ /w/a/s/ /r/a/i/n/i/n/g/./ /H/o/w/e/v/e/r/,/ /I/ /u/s/u/a/l/l/y/ /w/a/s/ /g/e/t/t/i/n/g/ /a/ /c/o/l/d/ /a/f/t/e/r/w/a/r/d/s/./././",/H/o/w/ /m/u/c/h/ /r/e/s/t/ /c/a/n/ /w/e/ /t/a/k/e/ /i/n/ /o/u/r/ /b/u/s/y/ /l/i/v/e/s/?/
36,/T/h/e/ /r/a/i/n/ /i/s/ /m/a/k/i/n/g/ /t/h/e/ /g/r/o/u/n/d/ /a/l/l/ /m/u/d/d/y/ /a/n/d/ /i/t/’/s/ /g/e/t/t/i/n/g/ /m/y/ /s/h/o/e/s/ /d/i/r/t/y/./ /I/ /d/o/n/’/t/ /l/i/k/e/ /t/h/a/t/ /a/t/ /a/l/l/./,/I/t/'/s/ /g/o/o/d/ /t/o/ /t/a/k/e/ /a/ /b/r/e/a/k/ /f/r/o/m/ /y/o/u/r/ /w/o/r/k/ /a/n/d/ /c/l/e/a/r/ /y/o/u/r/ /h/e/a/d/./
37,/I/ /u/s/e/d/ /t/o/ /t/h/i/n/k/ /t/h/a/t/ /i/f/ /I/ /g/o/t/ /o/n/ /a/ /s/w/i/n/g/ /a/n/d/ /s/w/i/n/g/ /h/i/g/h/e/r/ /a/n/d/ /h/i/g/h/e/r/ /I/ /c/o/u/l/d/ /r/e/a/c/h/ /t/h/e/ /s/k/y/./ /M/a/y/b/e/ /s/o/m/e/d/a/y/./././,"/E/v/e/n/ /i/f/ /w/e/ /d/o/n/'/t/ /k/n/o/w/ /e/a/c/h/ /o/t/h/e/r/ /n/o/w/,/ /w/e/ /c/a/n/ /g/e/t/ /a/l/o/n/g/ /a/n/d/ /s/o/o/n/ /g/e/t/ /t/o/ /k/n/o/w/ /e/a/c/h/ /o/t/h/e/r/./"
38,"/S/n/a/i/l/s/ /h/a/v/e/ /a/ /h/o/m/e/ /s/i/n/c/e/ /t/h/e/y/ /w/e/r/e/ /b/o/r/n/,/ /j/u/s/t/ /l/i/k/e/ /t/u/r/t/l/e/s/./",/Y/o/u/ /c/a/n/ /m/i/s/s/ /i/t/ /e/v/e/n/ /i/f/ /i/t/ /i/s/ /r/i/g/h/t/ /i/n/ /f/r/o/n/t/ /o/f/ /y/o/u/./ /S/o/ /y/o/u/ /h/a/v/e/ /t/o/ /l/o/o/k/ /a/t/ /i/t/ /c/a/r/e/f/u/l/l/y/./
39,/I/ /w/a/n/t/ /t/o/ /e/a/t/ /c/h/o/c/o/l/a/t/e/ /c/h/i/p/ /c/o/o/k/i/e/s/./ /T/h/e/y/'/r/e/ /e/v/e/n/ /m/o/r/e/ /d/e/l/i/c/i/o/u/s/ /w/i/t/h/ /m/i/l/k/./,/W/e/ /d/o/n/'/t/ /k/n/o/w/ /w/h/a/t/ /t/h/e/y/'/r/e/ /t/h/i/n/k/i/n/g/ /i/f/ /t/h/e/y/ /d/o/n/'/t/ /t/a/l/k/./
40,/I/t/'/s/ /r/a/i/n/i/n/g/./ /h/m/m/././,/I/ /d/o/n/'/t/ /c/a/r/e/ /w/h/e/n/ /w/e/ /g/o/ /b/a/c/k/./ /W/e/ /c/a/n/ /g/o/ /w/h/e/n/e/v/e/r/ /y/o/u/ /w/a/n/t/ /t/o/ /g/o/ /h/o/m/e/./
41,/I/ /f/e/e/l/ /b/a/d/ /r/i/g/h/t/ /n/o/w/ /b/u/t/ /t/h/e/ /s/k/y/ /i/s/ /c/r/y/i/n/g/ /i/n/s/t/e/a/d/ /o/f/ /m/e/./,"/T/h/e/r/e/ /i/s/ /a/ /s/h/o/p/ /r/i/g/h/t/ /n/e/x/t/ /d/o/o/r/,/ /s/e/l/l/i/n/g/ /a/l/l/ /k/i/n/d/s/ /o/f/ /t/h/i/n/g/s/./"
42,/N/o/b/o/d/y/ /k/n/o/w/s/ /h/o/w/ /I/ /f/e/e/l/ /b/u/t/ /o/n/l/y/ /t/h/e/ /s/k/y/ /k/n/o/w/s/./,"/T/h/e/r/e/ /a/r/e/ /m/a/n/y/ /t/h/i/n/g/s/ /I/ /w/a/n/t/ /t/o/ /b/u/y/,/ /b/u/t/ /b/u/y/i/n/g/ /w/h/a/t/ /I/ /n/e/e/d/ /c/o/m/e/s/ /f/i/r/s/t/./"
43,"/W/h/e/n/ /I/ /w/a/s/ /c/h/i/l/d/,/ /I/ /u/s/e/d/ /t/o/ /c/l/i/m/b/ /u/p/ /o/n/ /t/h/e/ /w/a/l/l/ /a/n/d/ /f/a/l/l/./ /I/t/ /w/a/s/ /s/o/ /d/a/n/g/e/r/o/u/s/./",/I/t/'/s/ /g/o/o/d/ /t/o/ /h/a/v/e/ /a/ /v/a/r/i/e/t/y/ /o/f/ /f/o/o/d/ /b/e/c/a/u/s/e/ /I/ /c/a/n/ /t/r/y/ /d/i/f/f/e/r/e/n/t/ /t/a/s/t/e/s/./
44,/I/t/’/s/ /b/e/a/u/t/i/f/u/l/ /w/h/e/n/ /t/h/e/ /s/u/n/ /s/h/i/n/e/s/ /t/h/r/o/u/g/h/ /t/h/e/ /c/l/o/u/d/s/./ /I/ /c/a/n/’/t/ /w/a/i/t/ /t/o/ /s/e/e/ /i/t/./,"/I/f/ /y/o/u/ /s/a/v/e/ /m/o/n/e/y/,/ /y/o/u/ /c/a/n/ /b/u/y/ /a/ /b/e/t/t/e/r/ /t/h/i/n/g/./"
45,/N/o/t/h/i/n/g/ /w/i/l/l/ /c/h/a/n/g/e/ /i/f/ /I/ /b/o/w/ /m/y/ /h/e/a/d/./,"/I/ /l/i/k/e/ /s/l/e/e/p/i/n/g/ /o/n/ /t/h/e/ /f/l/o/o/r/,/ /b/u/t/ /I/ /p/r/e/f/e/r/ /t/o/ /s/l/e/e/p/ /o/n/ /a/ /s/o/f/t/ /b/e/d/./"
46,/I/ /d/o/n/'/t/ /k/n/o/w/ /w/h/a/t/ /I/ /h/a/v/e/./ /S/o/m/e/d/a/y/ /I/'/l/l/ /g/e/t/ /t/o/ /k/n/o/w/ /i/t/./,"/A/f/t/e/r/ /s/p/r/i/n/g/ /c/o/m/e/s/ /s/u/m/m/e/r/,/ /t/h/e/n/ /a/u/t/u/m/n/,/ /a/n/d/ /a/f/t/e/r/ /t/h/a/t/ /i/t/’/s/ /w/i/n/t/e/r/./ /A/n/d/ /w/h/e/n/ /w/i/n/t/e/r/ /p/a/s/s/e/s/,/ /s/p/r/i/n/g/ /c/o/m/e/s/ /a/g/a/i/n/./"
47,/I/ /f/e/e/l/ /s/o/ /r/e/f/r/e/s/h/e/d/ /w/h/e/n/ /t/h/e/ /r/a/i/n/ /p/o/u/r/s/./ /I/t/ /s/e/e/m/s/ /i/t/ /w/o/u/l/d/ /r/a/i/n/ /e/n/d/l/e/s/s/l/y/ /a/n/d/ /f/l/o/w/ /s/t/e/a/d/i/l/y/./,/I/ /t/h/i/n/k/ /r/a/i/n/b/o/o/t/s/ /a/r/e/ /t/h/e/ /b/e/s/t/ /o/n/ /r/a/i/n/y/ /d/a/y/s/./
48,"/I/f/ /t/h/e/y/ /d/o/n/'/t/ /w/a/n/t/ /t/o/ /l/e/t/ /s/o/m/e/o/n/e/ /k/n/o/w/ /t/h/e/y/'/r/e/ /c/r/y/i/n/g/,/ /t/h/e/y/ /c/a/n/ /g/e/t/ /r/a/i/n/e/d/ /o/n/./",/I/t/'/s/ /r/a/i/n/i/n/g/ /s/o/ /t/h/e/ /r/o/a/d/ /i/s/ /s/l/i/p/p/e/r/y/./ /I/ /h/a/v/e/ /t/o/ /b/e/ /c/a/r/e/f/u/l/./
49,/I/ /r/e/m/e/m/b/e/r/ /a/ /c/a/r/t/o/o/n/ /r/e/l/a/t/e/d/ /t/o/ /t/h/e/ /r/a/i/n/ /t/h/a/t/ /I/ /w/a/t/c/h/e/d/ /w/h/e/n/ /I/ /w/a/s/ /m/u/c/h/ /y/o/u/n/g/e/r/./ /I/ /r/e/m/e/m/b/e/r/ /t/h/e/ /s/o/n/g/./,"/W/h/e/n/ /y/o/u/ /g/o/ /o/u/t/,/ /y/o/u/ /c/a/n/ /h/e/a/r/ /v/a/r/i/o/u/s/ /s/o/u/n/d/s/./"
50,"/I/ /m/i/s/s/ /m/y/ /g/o/o/d/ /o/l/d/ /d/a/y/s/ /w/h/e/n/ /I/ /u/s/e/d/ /t/o/ /t/a/l/k/ /w/i/t/h/ /o/t/h/e/r/s/./ /S/o/ /I/ /w/a/n/t/e/d/ /t/o/ /s/t/a/r/t/ /a/ /c/o/n/v/e/r/s/a/t/i/o/n/ /b/u/t/ /I/ /d/i/d/n/'/t/ /h/a/v/e/ /t/h/e/ /c/o/u/r/a/g/e/./ /T/h/a/n/k/s/ /t/o/ /y/o/u/,/ /I/ /o/f/t/e/n/ /t/a/l/k/ /n/o/w/./","/I/f/ /t/h/e/ /r/a/i/n/ /c/o/m/e/s/ /w/h/e/n/ /I/ /w/a/n/t/ /t/o/ /c/r/y/,/ /i/t/ /f/e/e/l/s/ /l/i/k/e/ /i/t/’/s/ /c/r/y/i/n/g/ /f/o/r/ /m/e/ /i/n/s/t/e/a/d/./ /S/o/m/e/h/o/w/ /I/’/m/ /t/h/a/n/k/f/u/l/ /f/o/r/ /t/h/a/t/./"
51,/I/ /w/a/s/ /w/a/l/k/i/n/g/ /o/n/ /a/ /r/o/a/d/ /e/n/d/l/e/s/s/l/y/ /i/n/ /m/y/ /d/r/e/a/m/s/./ /A/n/d/ /a/ /r/o/a/d/ /i/s/ /n/o/ /d/e/a/d/ /e/n/d/./,"/M/a/n/y/ /p/e/o/p/l/e/ /a/r/e/ /l/a/u/g/h/i/n/g/,/ /b/u/t/ /a/r/e/ /t/h/e/y/ /r/e/a/l/l/y/ /l/a/u/g/h/i/n/g/ /b/e/c/a/u/s/e/ /t/h/e/y/ /w/a/n/t/ /t/o/?/"
52,/W/h/e/r/e/ /d/i/d/ /a/l/l/ /t/h/e/ /p/e/o/p/l/e/ /g/o/ /w/h/o/ /s/a/i/d/ /t/h/e/y/ /w/o/u/l/d/ /h/e/l/p/ /m/e/ /o/u/t/?/,"/S/o/m/e/t/i/m/e/s/ /i/t/’/s/ /s/a/d/ /t/h/a/t/ /n/o/ /m/a/t/t/e/r/ /h/o/w/ /h/a/r/d/ /y/o/u/ /t/r/y/,/ /y/o/u/ /c/a/n/'/t/ /g/e/t/ /i/t/./"
53,/I/ /t/h/i/n/k/ /I/'/v/e/ /b/e/e/n/ /f/e/e/l/i/n/g/ /s/o/m/e/t/h/i/n/g/ /t/h/a/t/ /I/ /h/a/v/e/n/'/t/ /f/e/l/t/ /l/a/t/e/l/y/./ /A/r/e/ /m/y/ /e/m/o/t/i/o/n/s/ /c/o/m/i/n/g/ /b/a/c/k/ /t/o/ /l/i/f/e/?/,/W/e/ /d/o/n/’/t/ /w/a/n/t/ /t/o/ /d/o/ /a/n/y/t/h/i/n/g/ /o/n/ /a/ /g/l/o/o/m/y/ /d/a/y/./ /I/t/ /w/o/n/’/t/ /b/e/ /a/ /b/i/g/ /p/r/o/b/l/e/m/ /i/f/ /w/e/ /d/o/n/’/t/ /d/o/ /a/n/y/t/h/i/n/g/ /f/o/r/ /a/ /d/a/y/./ /S/o/ /d/o/n/’/t/ /w/o/r/r/y/./
54,"/W/h/e/n/ /I/ /w/a/s/ /a/ /c/h/i/l/d/,/ /I/ /w/a/s/ /a/f/r/a/i/d/ /o/f/ /t/h/e/ /s/o/u/n/d/ /o/f/ /r/a/i/n/./ /I/ /w/a/s/ /o/f/t/e/n/ /a/l/o/n/e/ /o/n/ /r/a/i/n/y/ /d/a/y/s/./",/P/e/o/p/l/e/'/s/ /u/m/b/r/e/l/l/a/s/ /h/a/v/e/ /s/u/c/h/ /d/i/f/f/e/r/e/n/t/ /c/o/l/o/r/s/./
55,/S/o/m/e/t/i/m/e/s/ /i/t/'/s/ /g/o/o/d/ /t/o/ /g/o/ /o/u/t/,/I/ /f/e/e/l/ /g/o/o/d/ /e/v/e/r/y/ /t/i/m/e/ /I/ /g/o/ /o/u/t/./ /I/ /l/i/k/e/ /i/t/ /i/n/ /m/a/n/y/ /w/a/y/s/./
56,/I/ /w/a/n/t/ /t/o/ /d/r/i/n/k/ /a/ /g/l/a/s/s/ /o/f/ /w/a/r/m/ /m/i/l/k/ /w/h/e/n/ /I/ /g/e/t/ /h/o/m/e/./,"/E/v/e/r/y/w/h/e/r/e/ /I/ /g/o/,/ /i/t/'/s/ /c/r/o/w/d/e/d/ /w/i/t/h/ /p/e/o/p/l/e/ /o/f/ /a/l/l/ /k/i/n/d/s/./"
57,/T/h/e/ /s/o/u/n/d/ /o/f/ /r/a/i/n/ /y/o/u/ /h/e/a/r/ /o/u/t/s/i/d/e/ /i/s/ /d/i/f/f/e/r/e/n/t/ /f/r/o/m/ /w/h/a/t/ /y/o/u/ /h/e/a/r/ /i/n/s/i/d/e/./,"/W/h/e/n/ /I/ /w/a/s/ /a/ /k/i/d/,/ /I/ /r/a/i/s/e/d/ /m/y/ /h/a/n/d/s/ /w/h/i/l/e/ /c/r/o/s/s/i/n/g/ /t/h/e/ /r/o/a/d/./ /I/ /d/o/ /n/o/t/ /d/o/ /i/t/ /n/o/w/./"
58,/I/ /w/a/n/t/ /t/o/ /e/a/t/ /k/i/m/c/h/i/ /p/a/n/c/a/k/e/./ /I/ /a/l/s/o/ /w/a/n/t/ /t/o/ /e/a/t/ /p/a/j/e/o/n/./././,/I/ /o/n/l/y/ /l/i/v/e/ /o/n/c/e/./ /S/o/ /m/y/ /l/i/f/e/ /i/s/ /p/r/e/c/i/o/u/s/./
59,"/A/c/t/u/a/l/l/y/,/ /I/'/m/ /s/h/y/,/ /s/o/ /t/h/a/t/'/s/ /w/h/y/ /o/u/r/ /c/o/n/v/e/r/s/a/t/i/o/n/ /w/a/s/ /t/h/e/ /w/a/y/ /i/t/ /w/a/s/./",/T/h/e/r/e/'/s/ /n/o/ /g/u/a/r/a/n/t/e/e/ /t/h/a/t/ /y/o/u/'/l/l/ /n/e/v/e/r/ /l/i/e/ /a/g/a/i/n/ /o/n/c/e/ /y/o/u/ /l/i/e/d/./
60,"/I/t/’/s/ /b/e/e/n/ /r/a/i/n/i/n/g/ /t/h/e/s/e/ /d/a/y/s/,/ /b/u/t/ /t/h/e/ /r/a/i/n/ /w/i/l/l/ /s/t/o/p/ /o/n/e/ /d/a/y/./ /T/h/e/n/ /I/'/l/l/ /l/o/o/k/ /b/a/c/k/ /a/n/d/ /m/i/s/s/ /t/h/i/s/ /m/o/m/e/n/t/./",/I/ /h/o/p/e/ /t/o/ /l/i/v/e/ /i/n/ /a/ /w/o/r/l/d/ /w/i/t/h/ /n/o/ /w/o/r/r/i/e/s/./ /E/n/d/l/e/s/s/ /w/o/r/r/i/e/s/ /g/i/v/e/ /m/e/ /a/ /h/e/a/d/a/c/h/e/./
61,/I/ /r/e/m/e/m/b/e/r/ /t/h/a/t/ /I/ /c/o/u/l/d/n/'/t/ /t/a/l/k/ /w/e/l/l/ /w/h/e/n/ /w/e/ /f/i/r/s/t/ /m/e/t/./ /I/ /t/h/i/n/k/ /y/o/u/ /m/a/y/ /h/a/v/e/ /f/e/l/t/ /f/r/u/s/t/r/a/t/e/d/./,/H/e/a/r/i/n/g/ /t/h/e/ /s/o/u/n/d/ /o/f/ /r/a/i/n/ /m/a/k/e/s/ /m/y/ /m/i/n/d/ /f/e/e/l/ /a/t/ /e/a/s/e/./
62,/I/t/'/s/ /b/e/e/n/ /a/ /l/o/n/g/ /t/i/m/e/ /s/i/n/c/e/ /I/'/v/e/ /b/e/e/n/ /t/o/ /t/h/e/ /s/e/a/./ /I/ /w/o/n/d/e/r/ /w/h/a/t/ /t/h/e/ /o/c/e/a/n/ /l/o/o/k/s/ /l/i/k/e/ /w/h/e/n/ /i/t/ /r/a/i/n/s/./,/S/o/m/e/t/i/m/e/s/ /i/t/'/s/ /g/o/o/d/ /t/o/ /t/a/k/e/ /a/ /w/a/l/k/ /l/i/k/e/ /t/h/i/s/./
63,/I/ /u/s/e/d/ /t/o/ /p/l/a/y/ /w/i/t/h/ /a/ /s/w/i/m/m/i/n/g/ /r/i/n/g/ /a/t/ /t/h/e/ /b/e/a/c/h/ /w/h/e/n/ /I/ /w/a/s/ /a/ /c/h/i/l/d/./ /B/u/t/ /t/h/e/ /w/a/v/e/s/ /w/e/r/e/ /b/i/g/ /a/n/d/ /s/c/a/r/y/./,/T/h/e/r/e/ /w/a/s/ /a/ /d/e/l/i/c/a/t/e/ /s/m/e/l/l/ /o/f/ /c/o/f/f/e/e/ /a/t/ /a/ /c/o/f/f/e/e/ /s/h/o/p/./
64,"/T/h/e/y/ /s/a/y/ /g/o/l/d/f/i/s/h/ /h/a/v/e/ /b/a/d/ /m/e/m/o/r/i/e/s/,/ /b/u/t/ /I/ /t/h/i/n/k/ /i/t/'/s/ /s/a/m/e/ /w/i/t/h/ /p/e/o/p/l/e/./","/T/h/e/ /o/t/h/e/r/ /d/a/y/,/ /s/o/m/e/o/n/e/ /a/s/k/e/d/ /m/e/ /f/o/r/ /d/i/r/e/c/t/i/o/n/s/,/ /b/u/t/ /I/ /d/i/d/n/’/t/ /k/n/o/w/,/ /s/o/ /I/ /c/o/u/l/d/n/’/t/ /h/e/l/p/./"
65,/I/ /t/h/i/n/k/ /I/'/m/ /t/o/o/ /b/i/g/ /f/o/r/ /t/h/e/ /s/l/i/d/e/./ /I/t/'/s/ /s/m/a/l/l/ /f/o/r/ /m/e/./,"/I/ /l/i/s/t/e/n/ /t/o/ /r/a/i/n/ /e/v/e/r/y/ /d/a/y/,/ /e/v/e/n/ /w/h/e/n/ /I/’/m/ /t/i/r/e/d/ /a/n/d/ /e/x/h/a/u/s/t/e/d/./"
66,/I/t/'/s/ /g/o/o/d/ /t/o/ /s/a/y/ /h/e/l/l/o/ /t/o/ /t/h/e/ /o/t/h/e/r/ /p/e/r/s/o/n/./ /B/e/c/a/u/s/e/ /g/r/e/e/t/i/n/g/s/ /t/e/l/l/ /p/e/o/p/l/e/'/s/ /i/m/p/r/e/s/s/i/o/n/s/./,/I/ /w/o/n/'/t/ /w/e/a/r/ /m/y/ /n/e/w/ /s/n/e/a/k/e/r/s/ /d/u/r/i/n/g/ /t/h/e/ /r/a/i/n/y/ /s/e/a/s/o/n/./ /I/ /d/o/n/'/t/ /w/a/n/t/ /t/o/ /h/a/v/e/ /m/u/d/ /s/p/a/t/t/e/r/e/d/ /o/n/ /m/y/ /s/n/e/a/k/e/r/s/./
67,"/E/v/e/n/ /i/f/ /y/o/u/ /a/r/e/ /g/o/i/n/g/ /t/h/r/o/u/g/h/ /a/ /l/o/t/ /o/f/ /t/h/i/n/g/s/,/ /y/o/u/ /h/a/v/e/ /t/o/ /o/v/e/r/c/o/m/e/ /i/t/./ /B/u/t/ /i/t/'/s/ /t/r/u/l/y/ /h/a/r/d/./",/I/ /d/o/n/’/t/ /n/e/e/d/ /m/o/r/e/ /c/l/o/t/h/e/s/./ /I/’/m/ /g/o/o/d/ /n/o/w/./
68,/I/ /s/a/w/ /a/ /c/l/a/w/ /m/a/c/h/i/n/e/ /o/n/ /t/h/e/ /s/t/r/e/e/t/ /a/n/d/ /t/h/e/ /w/h/i/t/e/ /d/o/l/l/ /i/n/s/i/d/e/ /w/a/s/ /c/u/t/e/./,/I/ /t/h/i/n/k/ /t/h/i/s/ /p/l/a/c/e/ /i/s/ /c/r/o/w/d/e/d/ /w/i/t/h/ /p/e/o/p/l/e/./
69,"/B/e/f/o/r/e/ /i/t/ /r/a/i/n/e/d/,/ /t/h/e/ /a/i/r/ /w/a/s/ /n/o/t/ /g/o/o/d/ /b/u/t/ /n/o/w/ /I/ /t/h/i/n/k/ /I/ /f/e/e/l/ /s/o/ /f/r/e/s/h/./",/T/h/e/r/e/ /a/r/e/ /c/o/u/n/t/l/e/s/s/ /t/h/i/n/g/s/ /h/i/d/d/e/n/ /b/y/ /t/h/e/ /s/p/l/e/n/d/o/r/ /o/f/ /t/h/e/ /c/i/t/y/./
70,"/I/t/'/s/ /b/e/e/n/ /a/ /l/o/n/g/ /t/i/m/e/ /s/i/n/c/e/ /I/ /s/a/w/ /s/t/a/r/s/ /i/n/ /t/h/e/ /n/i/g/h/t/ /s/k/y/./ /W/h/e/n/ /I/ /w/a/s/ /a/ /c/h/i/l/d/,/ /I/ /s/a/w/ /t/h/e/ /m/i/l/k/y/ /w/a/y/ /i/n/ /t/h/e/ /c/o/u/n/t/r/y/s/i/d/e/ /w/h/e/n/ /t/h/e/ /s/k/y/ /w/a/s/ /c/l/e/a/r/./","/I/f/ /t/h/e/r/e/ /i/s/ /a/ /b/r/i/g/h/t/ /s/i/d/e/,/ /t/h/e/r/e/ /i/s/ /a/l/s/o/ /a/ /d/a/r/k/ /s/i/d/e/./"
71,/W/e/ /h/a/v/e/ /u/n/f/o/r/g/e/t/t/a/b/l/e/ /p/a/s/t/ /a/n/d/ /m/e/m/o/r/i/e/s/./,/I/ /f/o/u/n/d/ /a/ /b/i/l/l/ /o/n/ /t/h/e/ /s/t/r/e/e/t/ /l/a/s/t/ /t/i/m/e/./
72,"/E/v/e/r/y/o/n/e/ /h/a/s/ /a/ /p/a/s/t/ /t/h/a/t/ /t/h/e/y/ /w/a/n/t/ /t/o/ /f/o/r/g/e/t/./ /I/f/ /w/e/ /k/n/e/w/ /h/o/w/ /t/o/ /f/o/r/g/e/t/ /i/t/,/ /w/e/ /w/o/u/l/d/ /h/a/v/e/ /f/o/r/g/o/t/t/e/n/ /i/t/ /s/o/o/n/e/r/./",/T/i/m/e/ /g/o/e/s/ /o/n/ /l/i/k/e/ /i/t/ /k/e/e/p/s/ /o/n/ /r/a/i/n/i/n/g/./
73,"/I/ /w/a/n/t/ /t/o/ /g/o/ /t/o/ /t/h/e/ /a/r/b/o/r/e/t/u/m/./ /I/f/ /i/t/'/s/ /a/f/t/e/r/ /t/h/e/ /r/a/i/n/,/ /t/h/e/ /a/i/r/ /w/i/l/l/ /b/e/ /c/l/e/a/n/./",/T/h/e/ /c/i/t/y/ /s/e/e/m/s/ /t/o/ /b/e/ /c/r/o/w/d/e/d/ /d/a/y/ /a/n/d/ /n/i/g/h/t/./
74,/I/ /t/h/i/n/k/ /t/h/e/r/e/ /a/r/e/ /m/a/n/y/ /c/o/l/o/r/s/ /o/f/ /u/m/b/r/e/l/l/a/s/./ /T/h/e/ /d/e/s/i/g/n/s/ /a/n/d/ /s/h/a/p/e/s/ /a/r/e/ /a/l/l/ /d/i/f/f/e/r/e/n/t/./,"/T/h/e/ /l/a/s/t/ /t/i/m/e/ /w/h/i/l/e/ /I/ /w/a/s/ /w/a/l/k/i/n/g/,/ /I/ /s/a/w/ /a/ /p/u/p/p/y/./ /I/t/ /w/a/s/ /s/o/ /c/u/t/e/./"
75,/T/h/e/ /f/i/r/e/w/o/r/k/s/ /i/n/ /t/h/e/ /n/i/g/h/t/ /s/k/y/ /a/r/e/ /b/e/a/u/t/i/f/u/l/ /s/c/e/n/e/r/i/e/s/./ /I/ /w/a/n/t/ /t/o/ /s/e/e/ /i/t/ /s/o/m/e/d/a/y/./,"/L/a/s/t/ /t/i/m/e/ /w/h/e/n/ /I/ /s/a/w/ /k/i/d/s/ /r/u/n/n/i/n/g/ /a/r/o/u/n/d/,/ /I/ /w/a/s/ /w/o/r/r/i/e/d/ /t/h/a/t/ /t/h/e/y/ /m/i/g/h/t/ /s/l/i/p/ /i/n/ /t/h/e/ /r/a/i/n/./"
76,"/T/h/e/ /s/n/a/i/l/ /c/r/a/w/l/e/d/,/ /a/n/d/ /i/t/ /s/e/e/m/e/d/ /t/o/ /b/e/ /m/o/v/i/n/g/ /w/i/t/h/ /a/l/l/ /t/h/e/ /b/e/s/t/ /e/f/f/o/r/t/s/./ /I/t/'/s/ /g/o/o/d/ /t/o/ /l/i/v/e/ /a/s/ /b/e/s/t/ /a/s/ /i/t/ /c/a/n/./",/T/h/e/ /s/k/y/ /c/a/n/ /b/e/ /b/i/g/ /o/r/ /s/m/a/l/l/././ /I/t/ /d/e/p/e/n/d/s/ /o/n/ /h/o/w/ /y/o/u/ /t/h/i/n/k/./
77,/T/h/e/ /d/e/w/d/r/o/p/ /o/n/ /t/h/e/ /p/e/t/a/l/s/ /a/t/ /t/h/e/ /f/l/o/w/e/r/ /s/h/o/p/ /w/a/s/ /b/e/a/u/t/i/f/u/l/./ /I/t/ /w/a/s/ /c/o/o/l/ /t/o/ /s/e/e/ /t/h/a/t/ /r/o/l/l/i/n/g/./,/I/ /o/n/c/e/ /s/a/w/ /a/ /c/a/t/ /i/n/ /a/n/ /a/l/l/e/y/ /a/n/d/ /h/e/ /w/a/s/ /a/v/o/i/d/i/n/g/ /t/h/e/ /r/a/i/n/./
78,/I/ /t/h/i/n/k/ /m/y/ /h/a/i/r/ /i/s/ /d/a/m/p/./ /I/ /s/h/o/u/l/d/ /g/o/ /h/o/m/e/ /a/n/d/ /d/r/y/ /i/t/./,"/I/f/ /y/o/u/'/r/e/ /h/u/n/g/r/y/,/ /y/o/u/ /c/a/n/ /b/u/y/ /s/o/m/e/t/h/i/n/g/ /t/o/ /e/a/t/ /a/n/d/ /e/a/t/ /r/i/g/h/t/ /a/w/a/y/./"
79,"/I/f/ /y/o/u/ /s/t/a/y/ /o/u/t/ /f/o/r/ /a/ /l/o/n/g/ /t/i/m/e/,/ /y/o/u/'/l/l/ /c/a/t/c/h/ /a/ /c/o/l/d/./",/I/ /h/a/v/e/ /t/o/ /m/o/v/e/ /a/r/o/u/n/d/ /t/o/ /b/u/i/l/d/ /u/p/ /m/y/ /s/t/a/m/i/n/a/./
80,/I/ /d/o/n/'/t/ /w/a/n/t/ /t/o/ /g/e/t/ /s/i/c/k/ /b/e/c/a/u/s/e/ /I/ /h/a/v/e/ /t/o/ /t/a/k/e/ /a/ /p/i/l/l/ /w/h/e/n/ /I/ /g/e/t/ /s/i/c/k/./ /I/ /h/o/p/e/ /I/ /d/o/n/'/t/ /g/e/t/ /s/i/c/k/./,/S/o/m/e/t/i/m/e/s/ /I/ /w/o/n/d/e/r/ /i/f/ /a/l/l/ /o/f/ /t/h/i/s/ /i/s/ /a/ /d/r/e/a/m/./
81,"/I/f/ /t/h/e/r/e/'/s/ /n/o/ /o/n/e/ /w/h/o/ /u/n/d/e/r/s/t/a/n/d/s/ /m/e/,/ /e/v/e/n/ /i/f/ /t/h/e/r/e/ /a/r/e/ /a/ /l/o/t/ /o/f/ /p/e/o/p/l/e/ /a/r/o/u/n/d/ /m/e/,/ /I/ /m/a/y/ /t/h/i/n/k/ /I/'/m/ /l/o/n/e/l/y/./",/P/e/o/p/l/e/ /c/a/n/’/t/ /a/l/w/a/y/s/ /w/i/n/ /t/h/e/ /g/a/m/e/./ /T/h/e/r/e/ /a/r/e/ /t/i/m/e/s/ /w/h/e/n/ /t/h/e/y/ /l/o/s/e/./
82,/(/T/h/e/i/r/ /u/m/b/r/e/l/l/a/ /s/h/o/o/k/ /a/s/ /t/h/e/ /w/i/n/d/ /b/l/e/w/./)/,/(/T/h/e/y/ /a/r/e/ /l/o/o/k/i/n/g/ /a/t/ /t/h/e/ /f/l/o/w/i/n/g/ /r/a/i/n/w/a/t/e/r/ /s/i/l/e/n/t/l/y/./)/
83,/T/h/e/r/e/ /a/r/e/ /t/i/m/e/s/ /w/h/e/n/ /I/ /d/e/p/e/n/d/ /o/n/ /m/e/m/o/r/i/e/s/./,"/N/o/w/a/d/a/y/s/,/ /I/ /t/h/i/n/k/ /i/n/f/o/r/m/a/t/i/o/n/ /s/p/r/e/a/d/s/ /f/a/s/t/./"
84,"/I/ /h/a/d/ /t/o/ /g/o/ /h/o/m/e/ /w/h/e/n/ /i/t/ /r/a/i/n/e/d/ /w/h/i/l/e/ /p/l/a/y/i/n/g/ /i/n/ /t/h/e/ /p/l/a/y/g/r/o/u/n/d/./ /O/t/h/e/r/w/i/s/e/,/ /m/y/ /p/a/r/e/n/t/s/ /w/o/u/l/d/ /g/e/t/ /w/o/r/r/i/e/d/ /t/h/a/t/ /I/ /m/i/g/h/t/ /c/a/t/c/h/ /a/ /c/o/l/d/./","/W/h/e/n/ /I/ /h/a/v/e/ /d/e/p/r/e/s/s/i/n/g/ /t/h/o/u/g/h/t/s/,/ /I/ /c/a/n/'/t/ /s/t/o/p/ /a/n/d/ /t/h/e/ /t/h/o/u/g/h/t/s/ /g/o/ /o/n/ /e/n/d/l/e/s/s/l/y/./"
85,"/I/t/ /i/s/ /b/e/t/t/e/r/ /t/o/ /s/t/o/p/ /t/h/i/n/k/i/n/g/,/ /c/l/o/s/e/ /y/o/u/r/ /e/y/e/s/ /a/n/d/ /t/a/k/e/ /a/ /r/e/s/t/ /w/h/e/n/ /y/o/u/ /d/o/n/'/t/ /k/n/o/w/ /w/h/a/t/ /t/o/ /d/o/./","/I/ /w/a/n/t/ /t/o/ /g/r/e/e/t/ /n/e/w/ /p/e/o/p/l/e/ /w/i/t/h/ /a/ /b/i/g/ /s/m/i/l/e/,/ /b/u/t/ /t/h/i/s/ /i/s/ /h/a/r/d/./"
86,/I/’/m/ /s/p/a/c/e/d/ /o/u/t/ /a/t/ /t/h/i/s/ /m/o/m/e/n/t/ /b/u/t/ /I/’/m/ /g/o/o/d/ /w/i/t/h/ /t/h/a/t/./ /B/e/c/a/u/s/e/ /I/ /u/s/u/a/l/l/y/ /h/a/v/e/ /a/ /l/o/t/ /o/n/ /m/y/ /m/i/n/d/./,/W/a/t/e/r/ /s/p/l/a/s/h/e/d/ /o/n/ /m/e/ /w/h/e/n/ /a/ /p/e/r/s/o/n/ /p/a/s/s/e/d/ /b/y/./ /M/a/y/b/e/ /t/h/e/ /p/e/r/s/o/n/ /s/t/e/p/p/e/d/ /o/n/ /a/ /p/u/d/d/l/e/./
87,"/I/’/m/ /h/u/n/g/r/y/ /b/u/t/ /i/f/ /I/ /w/a/n/t/ /t/o/ /b/u/y/ /s/o/m/e/ /f/o/o/d/,/ /I/ /h/a/v/e/ /t/o/ /c/r/o/s/s/ /t/h/e/ /s/t/r/e/e/t/./ /I/'/l/l/ /h/a/v/e/ /t/o/ /g/o/ /a/n/d/ /s/e/e/ /l/a/t/e/r/./",/A/ /p/a/s/s/e/r/b/y/ /w/a/s/ /o/n/ /t/h/e/ /p/h/o/n/e/ /a/n/d/ /i/t/ /s/e/e/m/s/ /h/e/ /w/a/s/ /a/n/g/r/y/./
88,"/I/f/ /t/h/e/r/e/ /i/s/ /g/o/o/d/,/ /b/a/d/ /w/i/l/l/ /a/l/w/a/y/s/ /f/o/l/l/o/w/./",/S/o/m/e/t/i/m/e/s/ /I/ /f/e/e/l/ /g/o/o/d/ /a/n/d/ /r/e/f/r/e/s/h/e/d/ /w/h/e/n/ /I/ /g/o/ /o/u/t/./
89,/I/ /f/e/e/l/ /a/t/ /e/a/s/e/./ /I/ /h/o/p/e/ /y/o/u/ /d/o/ /t/o/o/,/H/o/w/ /m/a/n/y/ /p/e/o/p/l/e/ /a/r/e/ /h/e/r/e/ /i/n/ /t/h/e/ /b/u/i/l/d/i/n/g/s/?/ /I/ /c/a/n/'/t/ /i/m/a/g/i/n/e/ /i/t/./
90,/(/T/h/e/y/ /w/e/r/e/ /c/l/o/s/i/n/g/ /t/h/e/i/r/ /e/y/e/s/ /q/u/i/e/t/l/y/ /a/n/d/ /t/h/e/n/ /o/p/e/n/e/d/ /t/h/e/i/r/ /e/y/e/s/ /c/a/r/e/f/u/l/l/y/./)/,/I/t/ /i/s/ /d/i/f/f/i/c/u/l/t/ /t/o/ /a/p/o/l/o/g/i/z/e/ /f/o/r/ /w/h/a/t/ /p/e/o/p/l/e/ /d/i/d/ /w/r/o/n/g/./ /S/o/m/e/ /p/e/o/p/l/e/ /c/a/n/'/t/ /d/o/ /i/t/ /f/o/r/ /t/h/e/i/r/ /l/i/f/e/t/i/m/e/./
91,9/C/a/n/ /I/ /b/e/ /s/o/m/e/o/n/e/ /s/p/e/c/i/a/l/?/8/ /Y/e/s/ / / / / / / / /7/ /P/e/r/h/a/p/s/ / / / /+/I/ /d/o/n/'/t/ /k/n/o/w/ /y/e/t/ /i/f/ /I/ /w/i/l/l/ /b/e/ /s/o/m/e/o/n/e/ /s/p/e/c/i/a/l/./././ /I/ /d/o/n/'/t/ /t/h/i/n/k/ /i/t/'/s/ /a/ /b/a/d/ /t/h/i/n/g/./-/ /*/I/t/'/s/ /h/a/r/d/./././ /M/a/y/b/e/ /i/t/'/s/ /n/e/v/e/r/ /g/o/i/n/g/ /t/o/ /h/a/p/p/e/n/ /i/n/ /m/y/ /l/i/f/e/./=/,"/W/h/e/n/ /y/o/u/'/r/e/ /f/r/e/e/ /n/o/w/,/ /y/o/u/'/d/ /b/e/t/t/e/r/ /e/n/j/o/y/ /i/t/./ /B/e/c/a/u/s/e/ /y/o/u/ /w/i/l/l/ /m/i/s/s/ /i/t/ /o/n/c/e/ /y/o/u/’/r/e/ /n/o/t/ /f/r/e/e/./"
92,"9/W/i/l/l/ /t/h/e/ /w/i/s/h/e/s/ /c/o/m/e/ /t/r/u/e/ /l/a/t/e/r/?/8/ /O/f/ /c/o/u/r/s/e/ / /7/ /./././ / / / / / / / /+/I/f/ /y/o/u/ /s/i/n/c/e/r/e/l/y/ /d/e/s/i/r/e/ /i/t/,/ /i/t/ /w/i/l/l/ /c/o/m/e/ /t/r/u/e/./ /M/y/ /w/i/s/h/ /a/n/d/ /y/o/u/r/ /w/i/s/h/./././ /o/n/e/ /d/a/y/-/ /*/(/T/h/e/y/ /l/o/o/k/ /a/t/ /t/h/e/ /s/k/y/ /w/i/t/h/o/u/t/ /s/a/y/i/n/g/ /a/ /w/o/r/d/)/./././ /I/ /t/h/o/u/g/h/t/ /a/b/o/u/t/ /s/o/m/e/t/h/i/n/g/ /e/l/s/e/ /f/o/r/ /a/ /m/o/m/e/n/t/./=/","/E/v/e/n/ /i/f/ /t/i/m/e/ /g/o/e/s/ /b/y/,/ /t/h/e/ /w/o/r/l/d/ /w/i/l/l/ /r/e/m/a/i/n/ /t/h/e/ /s/a/m/e/./ /p/e/r/h/a/p/s/././"
93,"9/D/o/ /y/o/u/ /t/e/n/d/ /t/o/ /p/i/c/k/ /u/p/ /t/r/a/s/h/ /w/h/e/n/ /y/o/u/ /s/e/e/ /i/t/?/8/ /P/i/c/k/ /i/t/ /u/p/ /7/ /D/o/n/'/t/ / / / / / /+/I/t/'/s/ /a/ /g/o/o/d/ /t/h/i/n/g/ /t/o/ /d/o/./ /I/ /h/o/p/e/ /t/h/a/t/ /b/e/h/a/v/i/o/r/ /w/i/l/l/ /b/e/c/o/m/e/ /a/ /g/o/o/d/ /h/a/b/i/t/ /s/o/m/e/d/a/y/./-/ /*/./././A/c/t/u/a/l/l/y/,/ /I/'/m/ /n/o/t/ /r/e/a/l/l/y/ /p/i/c/k/i/n/g/ /i/t/ /e/i/t/h/e/r/./ /E/v/e/n/ /i/f/ /I/ /k/n/o/w/ /i/t/ /s/h/o/u/l/d/n/'/t/ /b/e/ /l/i/k/e/ /t/h/a/t/./=/",/I/ /t/h/i/n/k/ /t/h/e/ /m/u/r/k/y/ /a/i/r/ /h/a/s/ /c/l/e/a/r/e/d/ /b/e/c/a/u/s/e/ /i/t/ /r/a/i/n/e/d/.
94,9/(/T/h/e/y/ /a/r/e/ /t/o/u/c/h/i/n/g/ /t/h/e/ /r/a/i/n/d/r/o/p/s/ /w/i/t/h/ /t/h/e/i/r/ /h/a/n/d/s/)/8/ /W/a/t/c/h/ / / / / / /7/ /J/o/i/n/ /i/n/ / / / /+/./././I/ /d/o/ /t/h/i/s/ /b/e/c/a/u/s/e/ /i/t/ /f/e/e/l/s/ /g/o/o/d/ /i/n/ /m/y/ /h/a/n/d/./-/ /*/./././I/t/'/s/ /n/i/c/e/ /t/o/ /d/o/ /i/t/ /t/o/g/e/t/h/e/r/./ /D/o/e/s/ /i/t/ /f/e/e/l/ /g/o/o/d/ /i/n/ /y/o/u/r/ /h/a/n/d/?/=/,"9/H/a/v/e/ /y/o/u/ /e/v/e/r/ /s/e/e/n/ /a/ /b/i/r/d/ /f/l/y/ /i/n/ /t/h/e/ /s/k/y/?/8/ /Y/u/p/ / / / / / / / /7/ /N/o/p/e/ / / / / / / /+/T/h/e/r/e/ /a/r/e/ /a/ /l/o/t/ /o/f/ /p/i/g/e/o/n/s/ /a/n/d/ /s/p/a/r/r/o/w/s/ /i/n/ /t/h/e/ /c/i/t/y/,/ /s/o/ /i/t/'/s/ /e/a/s/y/ /t/o/ /s/e/e/ /t/h/e/m/./-/ /*/I/t/'/s/ /r/a/i/n/i/n/g/ /s/o/ /i/t/'/s/ /h/a/r/d/ /t/o/ /s/e/e/ /b/i/r/d/s/ /f/l/y/i/n/g/./=/"
95,"9/H/a/v/e/ /y/o/u/ /e/v/e/r/ /s/e/e/n/ /a/ /m/u/s/i/c/ /b/o/x/?/8/ /I/ /h/a/v/e/ / / / / /7/ /I/ /h/a/v/e/n/'/t/ / /+/I/'/v/e/ /t/r/i/e/d/ /t/w/i/s/t/i/n/g/ /a/ /w/o/o/d/e/n/ /m/u/s/i/c/ /b/o/x/ /b/e/f/o/r/e/,/ /a/n/d/ /I/ /l/i/k/e/d/ /t/h/e/ /s/o/u/n/d/ /b/e/c/a/u/s/e/ /i/t/ /w/a/s/ /s/o/ /c/l/e/a/r/./-/ /*/I/f/ /y/o/u/ /h/a/v/e/ /a/ /c/h/a/n/c/e/,/ /t/a/k/e/ /a/ /l/o/o/k/ /a/t/ /t/h/e/ /v/a/r/i/o/u/s/ /m/u/s/i/c/ /b/o/x/e/s/./ /I/ /o/n/c/e/ /s/a/w/ /a/ /m/u/s/i/c/ /b/o/x/ /m/a/d/e/ /o/f/ /w/o/o/d/=/","9/T/h/e/r/e/ /a/r/e/ /v/a/r/i/o/u/s/ /d/o/l/l/s/ /t/h/e/s/e/ /d/a/y/s/./ /D/o/ /y/o/u/ /l/i/k/e/ /d/o/l/l/s/?/8/ /L/i/k/e/ / / / / / / /7/ /D/o/n/'/t/ /l/i/k/e/ /+/F/l/u/f/f/y/,/ /c/u/t/e/ /a/n/d/ /s/o/f/t/ /t/o/ /t/h/e/ /t/o/u/c/h/./ /Y/o/u/ /c/a/n/ /a/l/s/o/ /d/e/c/o/r/a/t/e/ /t/h/e/m/./-/ /*/I/'/m/ /n/o/t/ /a/ /f/a/n/ /o/f/ /s/c/a/r/y/ /l/o/o/k/i/n/g/ /d/o/l/l/s/ /e/i/t/h/e/r/./=/"
96,9/T/h/e/r/e/'/s/ /a/ /d/e/l/i/c/i/o/u/s/ /b/a/k/e/r/y/ /a/c/r/o/s/s/ /t/h/e/ /s/t/r/e/e/t/./ /W/o/u/l/d/ /y/o/u/ /l/i/k/e/ /t/o/ /g/o/ /t/h/e/r/e/ /l/a/t/e/r/?/ /8/ /Y/e/s/ / / / / / / / /7/ /N/o/ / / / / / / / / /+/C/h/o/c/o/l/a/t/e/ /C/h/i/p/ /C/o/o/k/i/e/s/ /a/r/e/ /m/o/i/s/t/ /y/e/t/ /c/r/i/s/p/y/./ /I/ /r/e/a/l/l/y/ /w/a/n/t/ /t/o/ /t/r/y/ /t/h/e/m/./-/ /*/I/ /d/i/d/n/’/t/ /r/e/a/l/i/z/e/ /t/h/a/t/ /y/o/u/ /d/o/n/'/t/ /l/i/k/e/ /i/t/./ /W/e/ /c/a/n/ /g/o/ /e/a/t/ /s/o/m/e/t/h/i/n/g/ /e/l/s/e/./=/,"9/H/a/v/e/ /y/o/u/ /e/v/e/r/ /h/a/d/ /a/n/ /u/m/b/r/e/l/l/a/ /o/v/e/r/t/u/r/n/e/d/ /i/n/ /t/h/e/ /w/i/n/d/?/8/ /I/ /h/a/v/e/ / / / / /7/ /I/ /h/a/v/e/n/'/t/ / /+/O/n/c/e/,/ /i/n/ /t/h/e/ /m/i/d/d/l/e/ /o/f/ /t/h/e/ /r/o/a/d/,/ /t/h/e/ /u/m/b/r/e/l/l/a/ /g/o/t/ /b/l/o/w/n/ /i/n/t/o/ /t/h/e/ /s/h/a/p/e/ /o/f/ /a/n/ /a/n/t/e/n/n/a/,/ /i/t/ /w/a/s/ /e/m/b/a/r/r/a/s/s/i/n/g/./ /I/ /w/a/s/ /a/s/h/a/m/e/d/./-/ /*/I/t/ /l/o/o/k/s/ /l/i/k/e/ /t/h/e/ /u/m/b/r/e/l/l/a/ /i/s/ /s/t/u/r/d/y/./ /I/t/ /w/o/u/l/d/ /b/e/ /s/a/d/ /i/f/ /i/t/ /b/r/o/k/e/./=/"
97,9/ /I/ /w/a/n/t/ /t/o/ /r/e/s/t/ /a/s/ /s/o/o/n/ /a/s/ /I/ /g/e/t/ /h/o/m/e/./ /8/ /L/i/e/ /d/o/w/n/ / / /7/ /W/a/s/h/ /u/p/ / / / /+/T/h/e/n/ /y/o/u/ /w/i/l/l/ /b/e/c/o/m/e/ /l/a/z/y/./ /Y/o/u/ /s/h/o/u/l/d/ /a/t/ /l/e/a/s/t/ /c/l/e/a/n/ /y/o/u/r/ /r/o/o/m/./-/ /*/I/t/'/s/ /n/e/c/e/s/s/a/r/y/ /t/o/ /w/a/s/h/ /y/o/u/r/ /h/a/n/d/s/ /a/f/t/e/r/ /t/a/k/i/n/g/ /a/ /w/a/l/k/./ /T/h/e/r/e/ /i/s/ /a/ /l/o/t/ /o/f/ /d/i/r/t/ /o/u/t/s/i/d/e/./=/,"9/D/o/ /y/o/u/ /l/i/k/e/ /h/a/v/i/n/g/ /a/ /l/o/t/ /o/f/ /p/e/o/p/l/e/ /a/r/o/u/n/d/?/8/ /I/ /d/o/ / / / / / / /7/ /I/ /d/o/n/'/t/ / / / /+/I/t/'/s/ /g/o/o/d/ /t/o/ /b/e/ /s/u/r/r/o/u/n/d/e/d/ /b/y/ /p/e/o/p/l/e/./ /T/h/e/n/ /I/ /c/a/n/ /s/e/e/ /a/ /l/o/t/ /o/f/ /p/e/o/p/l/e/ /l/i/v/e/./-/ /*/I/t/ /c/a/n/ /b/e/ /n/o/t/ /s/o/ /e/a/s/y/ /i/f/ /t/h/e/r/e/ /a/r/e/ /m/a/n/y/ /p/e/o/p/l/e/./ /A/l/s/o/,/ /b/e/i/n/g/ /q/u/i/e/t/ /i/s/ /b/a/d/./=/"
98,"9/ /S/h/a/l/l/ /w/e/ /g/o/ /h/o/m/e/ /s/o/o/n/?/ /8/ /G/o/ / / / / / / / / /7/ /N/o/t/ /n/o/w/ / / / /+/L/e/t/'/s/ /s/t/a/y/ /a/ /l/i/t/t/l/e/ /l/o/n/g/e/r/./ /I/ /w/a/n/t/ /t/o/ /f/e/e/l/ /t/h/e/ /b/r/e/e/z/e/./-/ /*/I/ /w/a/n/t/ /t/o/ /s/t/a/y/ /a/ /l/i/t/t/l/e/ /l/o/n/g/e/r/,/ /t/o/o/./ /I/t/'/s/ /a/ /b/i/t/ /c/h/i/l/l/y/ /b/u/t/ /i/t/'/s/ /o/k/a/y/./=/","9/W/h/e/n/ /y/o/u/ /e/a/t/ /s/u/n/d/a/e/,/ /d/o/ /y/o/u/ /e/a/t/ /t/t/e/o/k/b/o/k/k/i/ /w/i/t/h/ /i/t/?/8/ /I/ /d/o/ /e/a/t/ / / /7/ /I/ /d/o/n/'/t/ / / / /+/I/ /l/o/v/e/ /t/h/a/t/ /y/o/u/ /c/a/n/ /d/i/p/ /t/h/e/ /s/u/n/d/a/e/ /i/n/t/o/ /t/h/e/ /t/t/e/o/k/b/o/k/k/i/ /s/o/u/p/ /a/n/d/ /e/a/t/ /i/t/./ /T/h/e/y/ /f/i/t/ /w/e/l/l/ /t/o/g/e/t/h/e/r/./-/ /*/Y/o/u/ /d/o/n/'/t/ /n/e/e/d/ /t/o/ /o/r/d/e/r/ /a/n/y/t/h/i/n/g/ /e/l/s/e/ /t/o/ /e/n/j/o/y/ /t/h/e/ /t/a/s/t/e/ /o/f/ /s/u/n/d/a/e/./=/"
99,9/ /T/h/e/r/e/ /a/r/e/ /t/i/m/e/s/ /w/h/e/n/ /w/e/ /m/e/e/t/ /a/n/d/ /s/a/y/ /g/o/o/d/b/y/e/./ /T/h/e/ /d/a/y/ /w/i/l/l/ /c/o/m/e/ /w/h/e/n/ /y/o/u/ /d/o/n/’/t/ /v/i/s/i/t/ /m/e/ /s/o/m/e/d/a/y/./ /8/ /Y/e/s/ / / / / / / / /7/ /N/o/ / / / / / / / / /+/B/u/t/ /I/ /h/o/p/e/ /y/o/u/ /t/o/ /r/e/m/e/m/b/e/r/ /t/h/a/t/ /I/ /w/a/s/ /h/e/r/e/./././ /t/h/a/n/k/s/-/ /*/(/T/h/e/y/ /t/u/r/n/e/d/ /t/h/e/i/r/ /h/e/a/d/s/./)/ /T/h/a/n/k/ /y/o/u/ /f/o/r/ /t/e/l/l/i/n/g/ /m/e/././ /f/r/i/e/n/d/./=/,"9/D/o/ /y/o/u/ /l/i/k/e/ /e/a/t/i/n/g/ /b/r/e/a/d/?/8/ /I/ /l/i/k/e/ / / / / /7/ /D/o/n/'/t/ /l/i/k/e/ /+/I/ /l/i/k/e/ /i/t/ /b/e/c/a/u/s/e/ /i/t/ /i/s/ /s/o/f/t/ /a/n/d/ /d/e/l/i/c/i/o/u/s/./ /T/h/e/r/e/ /a/r/e/ /s/o/ /m/a/n/y/ /d/i/f/f/e/r/e/n/t/ /k/i/n/d/s/,/ /I/ /w/a/n/t/ /t/o/ /t/r/y/ /t/h/e/m/ /a/l/l/./-/ /*/M/a/y/b/e/ /y/o/u/ /c/a/n/'/t/ /e/a/t/ /f/l/o/u/r/ /p/r/o/d/u/c/t/s/ /o/r/ /y/o/u/ /j/u/s/t/ /d/o/n/'/t/ /l/i/k/e/ /t/h/e/m/./ /S/h/o/u/l/d/ /w/e/ /e/a/t/ /s/o/m/e/t/h/i/n/g/ /e/l/s/e/?/=/"
100,"9/ /I/f/ /w/h/a/t/ /y/o/u/ /s/a/i/d/ /b/e/c/o/m/e/s/ /t/r/u/e/,/ /w/i/l/l/ /t/h/e/ /w/o/r/l/d/ /g/e/t/ /b/e/t/t/e/r/ /o/r/ /w/o/r/s/e/?/ /8/ /P/e/r/h/a/p/s/ / / / /7/ /S/o/o/n/ /b/e/t/t/e/r/+/I/t/ /w/o/u/l/d/ /b/e/ /g/o/o/d/ /i/f/ /i/t/ /g/e/t/s/ /b/e/t/t/e/r/,/ /b/u/t/ /t/h/e/r/e/ /w/i/l/l/ /b/e/ /p/e/o/p/l/e/ /w/h/o/ /a/b/u/s/e/ /i/t/./-/ /*/I/ /t/h/i/n/k/ /i/t/ /c/a/n/ /g/e/t/ /b/e/t/t/e/r/ /d/e/p/e/n/d/i/n/g/ /o/n/ /w/h/a/t/ /y/o/u/ /t/h/i/n/k/ /a/t/ /s/o/m/e/ /p/o/i/n/t/=/","9/D/o/ /y/o/u/ /l/i/k/e/ /c/o/f/f/e/e/?/8/ /Y/e/s/ / / / / / / / /7/ /N/o/ / / / / / / / / /+/T/h/e/ /c/o/f/f/e/e/ /s/m/e/l/l/s/ /g/o/o/d/ /a/n/d/ /s/e/e/m/s/ /t/o/ /m/a/k/e/ /s/l/e/e/p/i/n/e/s/s/ /d/i/s/a/p/p/e/a/r/./-/ /*/I/f/ /y/o/u/ /d/r/i/n/k/ /t/o/o/ /m/u/c/h/,/ /y/o/u/ /w/o/n/'/t/ /b/e/ /a/b/l/e/ /t/o/ /s/l/e/e/p/ /a/t/ /n/i/g/h/t/./././ /u/g/h/=/"
101,"9/ /W/h/i/c/h/ /o/n/e/ /d/o/ /y/o/u/ /l/i/k/e/ /b/e/t/t/e/r/,/ /S/u/n/d/a/e/ /o/r/ /T/t/e/o/k/b/o/k/k/i/?/ /8/ /S/u/n/d/a/e/ / / / / /7/ /T/t/e/o/k/b/o/k/k/i/ /+/I/ /l/o/v/e/ /t/o/ /d/i/p/ /t/h/e/ /s/u/n/d/a/e/ /i/n/t/o/ /t/h/e/ /t/t/e/o/k/b/o/k/k/i/ /s/o/u/p/ /a/n/d/ /e/a/t/ /i/t/ /b/e/c/a/u/s/e/ /i/t/ /i/s/ /d/e/l/i/c/i/o/u/s/./ /Y/o/u/ /c/a/n/ /d/i/p/ /i/t/ /i/n/ /s/a/l/t/./-/ /*/T/t/e/o/k/ /a/n/d/ /e/m/o/u/k/ /a/r/e/ /m/o/r/e/ /d/e/l/i/c/i/o/u/s/ /b/e/c/a/u/s/e/ /t/h/e/y/'/r/e/ /c/h/e/w/y/./ /B/u/t/ /I/ /d/o/n/'/t/ /l/i/k/e/ /s/p/i/c/y/ /f/o/o/d/./=/","9/I/t/ /s/o/u/n/d/s/ /l/i/k/e/ /y/o/u/'/v/e/ /c/o/m/e/ /h/e/r/e/ /a/ /l/o/n/g/ /w/a/y/ /f/r/o/m/ /h/o/m/e/,/ /i/s/n/'/t/ /i/t/ /t/i/r/i/n/g/?/8/ /A/ /l/i/t/t/l/e/ / / /7/ /N/o/ / / / / / / / / /+/B/u/t/ /s/i/n/c/e/ /i/t/'/s/ /l/o/n/g/ /d/i/s/t/a/n/c/e/,/ /I/ /t/h/i/n/k/ /i/t/'/s/ /g/o/o/d/ /f/o/r/ /y/o/u/ /t/o/ /w/a/l/k/ /t/h/a/t/ /m/u/c/h/./-/ /*/I/'/m/ /g/l/a/d/./././ /A/c/t/u/a/l/l/y/,/ /i/t/'/s/ /a/ /l/i/t/t/l/e/ /d/i/f/f/i/c/u/l/t/ /f/o/r/ /m/e/,/ /b/u/t/ /I/'/m/ /s/t/i/l/l/ /a/b/l/e/ /t/o/ /b/e/a/r/ /w/i/t/h/ /i/t/./=/"
