index,대화0,대화1,대화2,대화3,대화4,대화5
1,/././H/i/,/H/i/./ /Y/o/u/'/r/e/ /h/e/r/e/././,/O/h/ /y/o/u/'/r/e/ /h/e/r/e/./ /H/i/./,/W/e/l/c/o/m/e/./,/W/e/l/c/o/m/e/./ /I/'/m/ /w/a/i/t/i/n/g/ /f/o/r/ /y/o/u/./,/W/e/l/c/o/m/e/./ /I/'/m/ /w/a/i/t/i/n/g/ /f/o/r/ /y/o/u/./
2,/I/t/'/s/ /r/a/i/n/i/n/g/././,/I/'/m/ /j/u/s/t/ /s/i/t/t/i/n/g/ /o/n/ /t/h/e/ /f/l/o/o/r/./,/I/ /a/t/e/ /l/u/n/c/h/ /a/t/ /a/ /c/o/n/v/e/n/i/e/n/c/e/ /s/t/o/r/e/ /l/a/s/t/ /t/i/m/e/ /a/n/d/ /i/t/ /w/a/s/ /w/o/r/t/h/ /t/r/y/i/n/g/./ /B/u/t/ /i/t/ /w/a/s/ /a/ /b/i/t/ /e/x/p/e/n/s/i/v/e/./,/W/h/e/n/ /w/i/l/l/ /t/h/e/ /r/a/i/n/ /s/t/o/p/?/,/W/h/a/t/ /s/h/o/u/l/d/ /w/e/ /d/o/?/,/W/h/a/t/ /s/h/o/u/l/d/ /w/e/ /d/o/?/
3,/././D/o/ /y/o/u/ /h/a/v/e/ /a/n/y/t/h/i/n/g/ /t/o/ /s/a/y/ /t/o/ /m/e/?/,/I/ /h/a/v/e/ /a/ /c/r/a/m/p/ /i/n/ /m/y/ /l/e/g/./,/Y/o/u/ /k/n/o/w/././ /J/u/s/t/ /c/a/l/l/e/d/./,/I/t/'/s/ /a/ /n/i/c/e/ /d/a/y/ /t/o/ /m/e/d/i/t/a/t/e/./ /S/o/ /d/o/ /y/o/u/ /w/a/n/t/ /t/o/ /j/o/i/n/ /m/e/?/,"/S/w/e/e/t/s/ /m/a/k/e/ /m/e/ /f/e/e/l/ /b/e/t/t/e/r/,/ /b/u/t/ /t/h/e/y/'/r/e/ /n/o/t/ /g/o/o/d/ /f/o/r/ /m/y/ /t/e/e/t/h/./","/S/w/e/e/t/s/ /m/a/k/e/ /m/e/ /f/e/e/l/ /b/e/t/t/e/r/,/ /b/u/t/ /t/h/e/y/'/r/e/ /n/o/t/ /g/o/o/d/ /f/o/r/ /m/y/ /t/e/e/t/h/./"
4,/././H/m/m/,/M/y/ /b/a/c/k/ /i/s/ /i/t/c/h/i/n/g/ /b/u/t/ /I/ /c/a/n/’/t/ /s/c/r/a/t/c/h/ /i/t/./,/I/ /d/o/n/‘/t/ /t/h/i/n/k/ /I/ /w/o/u/l/d/ /n/e/e/d/ /t/h/e/ /s/u/n/s/c/r/e/e/n/ /t/h/a/t/ /I/ /r/e/c/e/n/t/l/y/ /g/o/t/./,"/I/ /w/a/n/t/ /t/o/ /f/e/e/l/ /t/h/e/ /b/r/e/e/z/e/,/ /n/o/t/ /t/h/e/ /c/o/l/d/ /w/i/n/d/./","/S/o/m/e/t/i/m/e/s/ /I/ /w/a/n/t/ /t/o/ /e/a/t/ /l/a/t/e/ /a/t/ /n/i/g/h/t/,/ /b/u/t/ /i/t/'/s/ /n/o/t/ /g/o/o/d/ /f/o/r/ /m/y/ /h/e/a/l/t/h/./","/S/o/m/e/t/i/m/e/s/ /I/ /w/a/n/t/ /t/o/ /e/a/t/ /l/a/t/e/ /a/t/ /n/i/g/h/t/,/ /b/u/t/ /i/t/'/s/ /n/o/t/ /g/o/o/d/ /f/o/r/ /m/y/ /h/e/a/l/t/h/./"
5,/W/h/a/t/ /a/r/e/ /y/o/u/ /l/o/o/k/i/n/g/ /a/t/?/,"/I/ /w/i/s/h/ /I/ /h/a/d/ /a/ /s/m/a/r/t/p/h/o/n/e/,/ /t/o/o/./",/S/o/m/e/t/i/m/e/s/ /a/ /c/a/t/ /c/o/m/e/s/ /a/t/ /t/h/e/ /w/i/n/d/o/w/ /a/n/d/ /s/t/a/r/e/s/ /a/t/ /m/e/./ /I/ /h/a/v/e/ /n/o/t/h/i/n/g/ /t/o/ /g/i/v/e/ /h/i/m/./,"/I/ /w/a/n/t/ /t/o/ /w/r/i/t/e/ /s/o/m/e/t/h/i/n/g/,/ /b/u/t/ /I/ /d/o/n/'/t/ /k/n/o/w/ /w/h/a/t/ /t/o/ /w/r/i/t/e/./",/I/ /w/e/n/t/ /t/o/ /t/h/e/ /s/u/p/e/r/m/a/r/k/e/t/ /t/o/ /b/u/y/ /i/c/e/ /c/r/e/a/m/./ /I/ /b/o/u/g/h/t/ /a/ /2/-/d/o/l/l/a/r/-/c/o/n/e/ /a/n/d/ /a/t/e/ /i/t/ /r/i/g/h/t/ /a/w/a/y/./ /I/t/ /w/a/s/ /r/e/a/l/l/y/ /g/o/o/d/./,/I/ /w/e/n/t/ /t/o/ /t/h/e/ /s/u/p/e/r/m/a/r/k/e/t/ /t/o/ /b/u/y/ /i/c/e/ /c/r/e/a/m/./ /I/ /b/o/u/g/h/t/ /a/ /2/-/d/o/l/l/a/r/-/c/o/n/e/ /a/n/d/ /a/t/e/ /i/t/ /r/i/g/h/t/ /a/w/a/y/./ /I/t/ /w/a/s/ /r/e/a/l/l/y/ /g/o/o/d/./
6,/././O/k/a/y/,"/S/o/m/e/t/i/m/e/s/,/ /I/'/m/ /n/o/t/ /s/u/r/e/ /i/f/ /I/'/m/ /d/o/i/n/g/ /w/e/l/l/./",/S/o/m/e/t/i/m/e/s/ /a/ /s/p/a/r/r/o/w/ /r/e/s/t/s/ /a/t/ /t/h/e/ /w/i/n/d/o/w/./ /I/t/ /s/e/e/m/s/ /i/t/ /i/s/ /t/r/y/i/n/g/ /t/o/ /s/t/a/y/ /o/u/t/ /o/f/ /t/h/e/ /r/a/i/n/./,"/I/ /r/e/c/e/n/t/l/y/ /g/o/t/ /a/ /c/a/l/l/ /f/r/o/m/ /a/ /f/r/i/e/n/d/./ /I/t/ /w/a/s/ /n/i/c/e/ /t/o/ /t/a/l/k/ /t/o/ /h/i/m/ /o/n/ /t/h/e/ /p/h/o/n/e/ /a/f/t/e/r/ /a/ /l/o/n/g/ /t/i/m/e/,/ /b/u/t/ /I/ /h/a/d/ /n/o/t/h/i/n/g/ /t/o/ /s/a/y/./ /S/o/ /w/e/ /j/u/s/t/ /s/a/i/d/ /h/e/l/l/o/ /t/o/ /e/a/c/h/ /o/t/h/e/r/./",/I/ /g/o/ /f/o/r/ /a/ /w/a/l/k/ /e/v/e/r/y/ /m/o/r/n/i/n/g/./ /I/ /f/e/e/l/ /l/i/k/e/ /g/e/t/t/i/n/g/ /h/e/a/l/t/h/i/e/r/./,/I/ /g/o/ /f/o/r/ /a/ /w/a/l/k/ /e/v/e/r/y/ /m/o/r/n/i/n/g/./ /I/ /f/e/e/l/ /l/i/k/e/ /g/e/t/t/i/n/g/ /h/e/a/l/t/h/i/e/r/./
7,/././W/h/y/?/,/I/ /c/a/n/'/t/ /r/e/m/e/m/b/e/r/ /w/h/a/t/ /I/ /h/a/d/ /b/e/e/n/ /u/p/ /t/o/./,/I/'/m/ /g/a/i/n/i/n/g/ /w/e/i/g/h/t/ /s/i/n/c/e/ /I/ /h/a/v/e/ /b/e/e/n/ /e/a/t/i/n/g/ /c/u/p/ /n/o/o/d/l/e/s/ /o/f/t/e/n/ /l/a/t/e/l/y/./,/T/h/e/ /r/e/a/s/o/n/ /w/h/y/ /t/h/e/r/e/ /a/r/e/ /m/a/n/y/ /b/u/g/s/ /i/s/ /t/h/a/t/ /i/t/'/s/ /n/o/t/ /a/ /b/a/d/ /p/l/a/c/e/ /t/o/ /l/i/v/e/ /h/e/r/e/./,/I/ /u/s/e/d/ /t/o/ /g/e/t/ /l/a/z/y/ /s/o/ /I/ /d/i/d/n/'/t/ /e/a/t/./ /B/u/t/ /n/o/w/ /I/ /e/a/t/ /3/ /m/e/a/l/s/ /a/ /d/a/y/./,/I/ /u/s/e/d/ /t/o/ /g/e/t/ /l/a/z/y/ /s/o/ /I/ /d/i/d/n/'/t/ /e/a/t/./ /B/u/t/ /n/o/w/ /I/ /e/a/t/ /3/ /m/e/a/l/s/ /a/ /d/a/y/./
8,/*/Y/a/w/n/*/,/W/h/y/ /a/r/e/ /y/o/u/ /m/a/k/i/n/g/ /t/h/a/t/ /f/a/c/e/?/,/I/ /h/a/v/e/n/'/t/ /b/e/e/n/ /t/o/ /a/ /K/o/r/e/a/n/ /s/p/a/ /f/o/r/ /a/ /l/o/n/g/ /t/i/m/e/./ /B/u/t/ /i/t/'/s/ /n/o/t/ /t/h/a/t/ /I/ /d/o/n/'/t/ /w/a/s/h/ /u/p/./,"/I/ /w/e/n/t/ /i/n/t/o/ /t/h/e/ /s/t/o/r/e/ /t/o/ /b/u/y/ /c/l/o/t/h/e/s/,/ /b/u/t/ /I/ /c/o/u/l/d/n/'/t/ /b/u/y/ /i/t/ /w/i/t/h/ /t/h/e/ /m/o/n/e/y/ /I/ /h/a/d/./ /S/o/ /I/ /j/u/s/t/ /w/e/n/t/ /o/u/t/ /t/o/ /l/o/o/k/./ /S/o/m/e/d/a/y/ /I/ /c/a/n/ /w/e/a/r/ /f/a/n/c/y/ /c/l/o/t/h/e/s/,/ /r/i/g/h/t/?/","/I/ /d/o/n/'/t/ /h/a/v/e/ /m/o/n/e/y/ /t/o/ /b/u/y/ /b/o/o/k/s/,/ /b/u/t/ /I/ /c/a/n/ /b/o/r/r/o/w/ /t/h/e/m/ /f/r/o/m/ /t/h/e/ /l/i/b/r/a/r/y/./","/I/ /d/o/n/'/t/ /h/a/v/e/ /m/o/n/e/y/ /t/o/ /b/u/y/ /b/o/o/k/s/,/ /b/u/t/ /I/ /c/a/n/ /b/o/r/r/o/w/ /t/h/e/m/ /f/r/o/m/ /t/h/e/ /l/i/b/r/a/r/y/./"
9,/I/'/m/ /t/i/r/e/d/././,/I/'/m/ /a/f/r/a/i/d/ /a/ /b/u/g/ /w/i/l/l/ /c/o/m/e/ /o/u/t/ /w/h/e/n/ /I/'/m/ /s/l/e/e/p/i/n/g/./,/T/h/i/s/ /p/l/a/c/e/ /w/a/s/ /d/r/o/w/n/e/d/ /w/h/e/n/ /r/a/i/n/ /p/o/u/r/e/d/ /a/ /l/o/t/ /i/n/ /t/h/e/ /o/l/d/ /d/a/y/s/./ /W/e/ /h/a/d/ /h/a/r/d/ /t/i/m/e/s/ /a/t/ /t/h/a/t/ /t/i/m/e/./,"/I/ /h/a/v/e/ /a/ /T/V/,/ /b/u/t/ /I/ /c/a/n/'/t/ /w/a/t/c/h/ /m/u/c/h/ /b/e/c/a/u/s/e/ /I/ /h/a/v/e/ /t/o/ /s/a/v/e/ /e/l/e/c/t/r/i/c/i/t/y/./",/I/ /w/a/n/t/ /t/o/ /g/o/ /o/n/ /a/ /p/i/c/n/i/c/ /t/o/ /s/e/e/ /f/l/o/w/e/r/s/./,/I/ /w/a/n/t/ /t/o/ /g/o/ /o/n/ /a/ /p/i/c/n/i/c/ /t/o/ /s/e/e/ /f/l/o/w/e/r/s/./
10,/I/'/m/ /s/l/e/e/p/y/././,/M/o/l/d/ /a/n/d/ /b/u/g/s/./././,"/I/ /p/i/c/k/e/d/ /u/p/ /c/o/i/n/s/ /o/n/ /t/h/e/ /s/t/r/e/e/t/,/ /b/u/t/ /I/'/v/e/ /n/e/v/e/r/ /p/i/c/k/e/d/ /u/p/ /b/i/l/l/s/./","/I/ /t/h/i/n/k/ /i/t/'/s/ /r/e/a/l/l/y/ /i/m/p/o/r/t/a/n/t/ /t/o/ /c/o/m/m/u/n/i/c/a/t/e/ /w/i/t/h/ /p/e/o/p/l/e/,/ /a/s/ /I/'/m/ /t/a/l/k/i/n/g/ /t/o/ /y/o/u/ /r/i/g/h/t/ /n/o/w/./",/I/ /f/e/e/l/ /r/e/f/r/e/s/h/e/d/ /a/f/t/e/r/ /h/a/v/i/n/g/ /a/ /g/o/o/d/ /s/l/e/e/p/./,/I/ /f/e/e/l/ /r/e/f/r/e/s/h/e/d/ /a/f/t/e/r/ /h/a/v/i/n/g/ /a/ /g/o/o/d/ /s/l/e/e/p/./
11,/W/h/e/n/ /a/r/e/ /y/o/u/ /g/o/i/n/g/ /t/o/ /g/o/?/,/*/C/o/u/g/h/*/,"/W/h/e/n/ /I/ /w/a/s/ /s/i/c/k/,/ /I/ /f/e/l/t/ /s/a/d/ /w/h/e/n/ /n/o/ /o/n/e/ /w/a/s/ /a/r/o/u/n/d/ /m/e/./ /I/'/m/ /u/s/e/d/ /t/o/ /i/t/ /n/o/w/./",/T/o/d/a/y/ /t/h/e/ /r/a/i/n/ /s/t/o/p/p/e/d/ /a/n/d/ /I/ /s/a/w/ /t/h/e/ /s/u/n/s/h/i/n/e/./ /B/u/t/ /i/t/ /w/a/s/ /j/u/s/t/ /m/y/ /d/r/e/a/m/././,/T/h/e/ /r/a/i/n/ /w/i/l/l/ /s/t/o/p/ /s/o/m/e/d/a/y/./,/S/o/m/e/t/i/m/e/s/ /I/ /w/a/n/t/ /t/o/ /d/r/i/n/k/ /j/u/i/c/e/ /r/a/t/h/e/r/ /t/h/a/n/ /w/a/t/e/r/ /b/e/c/a/u/s/e/ /i/t/ /t/a/s/t/e/s/ /g/o/o/d/./
12,/././D/o/ /y/o/u/ /h/a/v/e/ /s/o/m/e/t/h/i/n/g/ /t/o/ /s/a/y/?/,/T/h/e/ /r/o/o/m/ /i/s/ /s/o/ /h/u/m/i/d/ /t/h/a/t/ /I/ /f/e/e/l/ /u/n/p/l/e/a/s/a/n/t/././,/I/ /w/i/l/l/ /s/t/a/y/ /a/t/ /h/o/m/e/ /a/l/l/ /d/a/y/ /t/o/m/o/r/r/o/w/./,"/A/f/t/e/r/ /r/e/a/d/i/n/g/ /t/h/e/ /n/e/w/s/p/a/p/e/r/s/ /l/a/s/t/ /t/i/m/e/,/ /I/ /g/o/t/ /c/u/r/i/o/u/s/ /a/b/o/u/t/ /t/h/e/ /w/o/r/l/d/./","/E/v/e/n/ /i/f/ /I/ /d/o/n/'/t/ /l/i/k/e/ /v/e/g/e/t/a/b/l/e/s/,/ /I/ /h/a/v/e/ /t/o/ /e/a/t/ /t/h/e/m/ /f/o/r/ /m/y/ /h/e/a/l/t/h/./","/T/h/e/r/e/ /a/r/e/ /m/a/n/y/ /k/i/n/d/s/ /o/f/ /s/n/a/c/k/s/,/ /b/u/t/ /I/ /d/o/n/'/t/ /h/a/v/e/ /e/n/o/u/g/h/ /m/o/n/e/y/ /t/o/ /b/u/y/ /t/h/e/m/ /a/l/l/./ /A/n/d/ /i/t/'/s/ /n/o/t/ /g/o/o/d/ /f/o/r/ /m/y/ /h/e/a/l/t/h/ /i/f/ /I/ /e/a/t/ /t/h/e/m/ /a/l/l/./"
13,/I/t/'/s/ /r/a/i/n/i/n/g/ /o/u/t/s/i/d/e/././,/I/ /w/a/n/t/ /t/o/ /e/a/t/ /s/o/m/e/t/h/i/n/g/ /b/u/t/ /e/v/e/n/ /i/t/ /i/s/ /a/ /h/a/s/s/l/e/ /t/o/ /e/a/t/./,/I/ /h/a/v/e/ /a/ /c/r/a/m/p/ /i/n/ /m/y/ /l/e/g/./,/T/h/e/ /r/a/i/n/ /w/i/l/l/ /s/t/o/p/ /s/o/m/e/d/a/y/./,/S/o/m/e/t/i/m/e/s/ /I/ /w/a/n/t/ /t/o/ /d/r/i/n/k/ /j/u/i/c/e/ /r/a/t/h/e/r/ /t/h/a/n/ /w/a/t/e/r/ /b/e/c/a/u/s/e/ /i/t/ /t/a/s/t/e/s/ /g/o/o/d/./,/I/ /s/a/w/ /t/h/e/ /s/u/n/s/h/i/n/e/ /t/h/r/o/u/g/h/ /t/h/e/ /c/l/o/u/d/s/./
14,/U/m/m/././././,/W/i/l/l/ /t/h/e/ /r/a/i/n/y/ /s/e/a/s/o/n/ /e/v/e/r/ /e/n/d/?/ /S/o/m/e/d/a/y/./././,/I/t/ /i/s/ /a/l/w/a/y/s/ /h/a/r/d/ /t/o/ /g/e/t/ /u/p/ /i/n/ /t/h/e/ /m/o/r/n/i/n/g/./,/S/o/m/e/t/i/m/e/s/ /o/u/t/s/i/d/e/ /t/h/e/ /w/i/n/d/o/w/ /s/e/e/m/s/ /t/o/ /b/e/ /a/ /d/i/f/f/e/r/e/n/t/ /w/o/r/l/d/ /f/r/o/m/ /h/e/r/e/./,"/T/h/e/r/e/ /a/r/e/ /m/a/n/y/ /k/i/n/d/s/ /o/f/ /s/n/a/c/k/s/,/ /b/u/t/ /I/ /d/o/n/'/t/ /h/a/v/e/ /e/n/o/u/g/h/ /m/o/n/e/y/ /t/o/ /b/u/y/ /t/h/e/m/ /a/l/l/./ /A/n/d/ /i/t/'/s/ /n/o/t/ /g/o/o/d/ /f/o/r/ /m/y/ /h/e/a/l/t/h/ /i/f/ /I/ /e/a/t/ /t/h/e/m/ /a/l/l/./",/H/m/m/./././ /S/h/a/l/l/ /I/ /g/o/ /b/u/y/ /s/o/m/e/ /c/l/o/t/h/e/s/?/
15,/I/ /f/e/e/l/ /s/t/u/f/f/y/ /i/n/ /m/y/ /h/e/a/d/././,/././I/ /d/o/ /n/o/t/ /w/a/n/t/ /t/o/ /m/o/v/e/./,/M/y/ /b/a/c/k/ /i/s/ /i/t/c/h/i/n/g/ /b/u/t/ /I/ /c/a/n/'/t/ /s/c/r/a/t/c/h/ /i/t/./,/H/a/v/e/ /y/o/u/ /e/v/e/r/ /b/e/e/n/ /t/o/ /m/y/ /b/a/t/h/r/o/o/m/?/ /I/t/'/s/ /b/e/t/t/e/r/ /n/o/t/ /t/o/ /t/a/k/e/ /a/ /l/o/o/k/ /a/t/ /i/t/./,/I/ /s/a/w/ /t/h/e/ /s/u/n/s/h/i/n/e/ /t/h/r/o/u/g/h/ /t/h/e/ /c/l/o/u/d/s/./,"/I/'/m/ /t/i/r/e/d/ /o/f/ /b/u/y/i/n/g/ /m/e/a/l/./ /N/o/w/,/ /I/ /w/a/n/t/ /t/o/ /m/a/k/e/ /i/t/ /b/y/ /m/y/s/e/l/f/./"
16,/(/T/h/e/y/ /a/r/e/ /n/o/t/ /t/h/i/n/k/i/n/g/ /a/n/y/t/h/i/n/g/./)/,/I/ /w/i/l/l/ /g/o/ /o/u/t/s/i/d/e/ /w/h/e/n/ /i/t/ /s/t/o/p/s/ /r/a/i/n/i/n/g/ /s/o/m/e/d/a/y/./,/I/ /w/i/s/h/ /I/ /h/a/d/ /a/ /s/m/a/r/t/p/h/o/n/e/./,/I/ /t/h/i/n/k/ /c/a/r/a/m/e/l/ /p/o/p/c/o/r/n/ /i/s/ /t/h/e/ /b/e/s/t/./,/H/m/m/./././ /S/h/a/l/l/ /I/ /g/o/ /b/u/y/ /s/o/m/e/ /c/l/o/t/h/e/s/?/,"/C/o/m/e/ /t/o/ /t/h/i/n/k/ /o/f/ /i/t/,/ /i/t/'/s/ /n/o/t/ /a/l/w/a/y/s/ /b/a/d/ /t/o/ /k/e/e/p/ /r/a/i/n/i/n/g/./"
17,/W/h/a/t/ /i/s/ /t/h/a/t/././?/,/W/i/l/l/ /i/t/ /r/a/i/n/ /i/n/ /t/h/e/ /l/a/n/d/ /o/f/ /u/m/b/r/e/l/l/a/s/?/,/I/ /d/o/n/'/t/ /r/e/m/e/m/b/e/r/ /h/o/w/ /b/r/i/g/h/t/ /t/h/e/ /s/u/n/ /w/a/s/./,"/(/W/h/e/n/ /o/u/r/ /e/y/e/s/ /m/e/t/,/ /I/ /s/a/w/ /a/ /s/m/i/l/e/ /f/o/r/ /a/ /s/e/c/o/n/d/./)/ /","/I/'/m/ /t/i/r/e/d/ /o/f/ /b/u/y/i/n/g/ /m/e/a/l/./ /N/o/w/,/ /I/ /w/a/n/t/ /t/o/ /m/a/k/e/ /i/t/ /b/y/ /m/y/s/e/l/f/./","/T/o/ /b/e/ /h/o/n/e/s/t/,/ /I/ /f/e/l/t/ /m/u/c/h/ /b/e/t/t/e/r/ /a/f/t/e/r/ /y/o/u/ /c/a/m/e/./"
18,/././T/h/e/ /d/u/s/t/ /i/s/ /t/h/e/r/e/./,/W/e/l/l/ /y/o/u/ /k/n/o/w/././ /N/o/ /n/o/t/h/i/n/g/./,/I/ /d/o/n/'/t/ /r/e/m/e/m/b/e/r/ /w/h/a/t/ /I/ /d/i/d/ /w/h/e/n/ /t/h/e/ /w/e/a/t/h/e/r/ /w/a/s/ /c/l/e/a/r/./,"/W/h/e/n/ /I/ /w/o/k/e/ /u/p/,/ /t/h/e/r/e/ /w/a/s/ /a/ /s/p/i/d/e/r/ /w/e/b/ /o/n/ /m/y/ /b/o/d/y/./././ /D/i/d/ /t/h/e/ /s/p/i/d/e/r/ /p/a/s/s/ /b/y/?/","/C/o/m/e/ /t/o/ /t/h/i/n/k/ /o/f/ /i/t/,/ /i/t/'/s/ /n/o/t/ /a/l/w/a/y/s/ /b/a/d/ /t/o/ /k/e/e/p/ /r/a/i/n/i/n/g/./","/W/h/e/n/ /t/h/e/ /m/o/r/n/i/n/g/ /c/o/m/e/s/,/ /t/h/e/ /b/i/r/d/s/ /u/s/e/d/ /t/o/ /s/i/n/g/ /o/n/ /t/h/e/ /w/i/n/d/o/w/./"
19,/*/C/o/u/g/h/*/,/I/ /w/a/n/t/ /t/o/ /e/a/t/ /s/u/s/h/i/ /b/u/t/ /I/ /w/i/l/l/ /n/e/v/e/r/ /b/e/ /a/b/l/e/ /t/o/ /e/a/t/./,/W/h/e/r/e/ /i/s/ /t/h/e/ /c/l/o/u/d/ /m/o/v/i/n/g/ /t/o/?/,/A/l/w/a/y/s/ /t/h/i/n/k/ /t/w/i/c/e/ /b/e/f/o/r/e/ /y/o/u/ /s/p/e/a/k/./,"/T/o/ /b/e/ /h/o/n/e/s/t/,/ /I/ /f/e/l/t/ /m/u/c/h/ /b/e/t/t/e/r/ /a/f/t/e/r/ /y/o/u/ /c/a/m/e/./","/I/ /p/i/c/k/e/d/ /u/p/ /1/ /d/o/l/l/a/r/ /o/n/ /t/h/e/ /s/t/r/e/e/t/ /l/a/s/t/ /t/i/m/e/./ /T/h/e/r/e/ /w/a/s/ /a/ /v/e/n/d/i/n/g/ /m/a/c/h/i/n/e/ /n/e/x/t/ /t/o/ /m/e/,/ /s/o/ /I/ /a/d/d/e/d/ /a/ /l/i/t/t/l/e/ /b/i/t/ /m/o/r/e/ /t/o/ /b/u/y/ /a/ /d/r/i/n/k/./ /I/t/ /w/a/s/n/'/t/ /b/a/d/./"
20,/././B/o/r/i/n/g/,/H/o/w/ /b/r/i/g/h/t/ /a/n/d/ /w/a/r/m/ /t/h/e/ /s/u/n/ /m/u/s/t/ /h/a/v/e/ /b/e/e/n/?/ /I/ /c/a/n/'/t/ /r/e/m/e/m/b/e/r/././,/W/i/l/l/ /t/h/e/ /r/a/i/n/y/ /s/e/a/s/o/n/ /e/n/d/ /s/o/m/e/d/a/y/?/,"/T/h/e/r/e/'/s/ /a/ /h/o/l/e/ /i/n/ /m/y/ /s/o/c/k/,/ /s/o/ /I/ /n/e/e/d/ /t/o/ /b/u/y/ /a/ /n/e/w/ /o/n/e/./","/W/h/e/n/ /t/h/e/ /m/o/r/n/i/n/g/ /c/o/m/e/s/,/ /t/h/e/ /b/i/r/d/s/ /u/s/e/d/ /t/o/ /s/i/n/g/ /o/n/ /t/h/e/ /w/i/n/d/o/w/./",/I/'/m/ /g/o/i/n/g/ /t/o/ /c/l/e/a/n/ /u/p/ /t/o/m/o/r/r/o/w/./
21,/I/'/m/ /l/a/z/y/./,/I/ /c/a/n/'/t/ /r/e/m/e/m/b/e/r/ /w/h/a/t/ /I/ /h/a/d/ /b/e/e/n/ /u/p/ /t/o/ /w/h/e/n/ /i/t/ /w/a/s/ /a/ /b/r/i/g/h/t/ /d/a/y/./,/I/'/m/ /l/a/z/y/ /t/o/ /m/o/v/e/./,"/W/e/l/l/,/ /i/t/'/s/ /a/ /g/o/o/d/ /d/a/y/,/ /a/l/t/h/o/u/g/h/ /i/t/'/s/ /r/a/i/n/i/n/g/././ /","/I/ /p/i/c/k/e/d/ /u/p/ /1/ /d/o/l/l/a/r/ /o/n/ /t/h/e/ /s/t/r/e/e/t/ /l/a/s/t/ /t/i/m/e/./ /T/h/e/r/e/ /w/a/s/ /a/ /v/e/n/d/i/n/g/ /m/a/c/h/i/n/e/ /n/e/x/t/ /t/o/ /m/e/,/ /s/o/ /I/ /a/d/d/e/d/ /a/ /l/i/t/t/l/e/ /b/i/t/ /m/o/r/e/ /t/o/ /b/u/y/ /a/ /d/r/i/n/k/./ /I/t/ /w/a/s/n/'/t/ /b/a/d/./",/T/h/e/r/e/'/s/ /a/ /2/4/-/h/o/u/r/ /l/a/u/n/d/r/y/ /s/h/o/p/ /n/e/a/r/ /h/e/r/e/./ /S/o/ /i/t/'/s/ /r/e/a/l/l/y/ /c/o/m/f/o/r/t/a/b/l/e/ /t/o/ /d/o/ /i/t/./
22,/I/'/m/ /b/o/r/e/d/./,/W/h/e/r/e/ /w/i/l/l/ /t/h/e/ /c/l/o/u/d/s/ /k/e/e/p/ /f/l/o/w/i/n/g/ /a/w/a/y/?/,/I/ /h/a/t/e/ /t/o/ /b/e/ /c/l/a/m/m/y/ /b/e/c/a/u/s/e/ /i/t/ /r/a/i/n/s/./,/I/ /w/a/n/t/ /t/o/ /e/a/t/ /a/ /b/i/g/ /c/o/t/t/o/n/ /c/a/n/d/y/./,/I/'/m/ /g/o/i/n/g/ /t/o/ /c/l/e/a/n/ /u/p/ /t/o/m/o/r/r/o/w/./,/I/'/v/e/ /b/e/e/n/ /s/t/r/e/t/c/h/i/n/g/ /a/t/ /h/o/m/e/ /t/h/e/s/e/ /d/a/y/s/./ /I/ /f/e/e/l/ /r/e/f/r/e/s/h/e/d/ /a/f/t/e/r/ /d/o/i/n/g/ /t/h/a/t/./
23,/U/m/m/././ /N/o/ /n/o/t/h/i/n/g/./,/W/h/a/t/ /t/i/m/e/ /i/s/ /i/t/ /n/o/w/?/,"/I/'/m/ /g/o/i/n/g/ /t/o/ /g/o/ /o/u/t/s/i/d/e/,/ /o/n/e/ /d/a/y/./././",/I/ /w/a/n/t/ /t/o/ /d/r/i/n/k/ /a/ /r/e/f/r/e/s/h/i/n/g/ /c/i/d/e/r/./,/T/h/e/r/e/'/s/ /a/ /2/4/-/h/o/u/r/ /l/a/u/n/d/r/y/ /s/h/o/p/ /n/e/a/r/ /h/e/r/e/./ /S/o/ /i/t/'/s/ /r/e/a/l/l/y/ /c/o/m/f/o/r/t/a/b/l/e/ /t/o/ /d/o/ /i/t/./,/I/'/v/e/ /b/e/e/n/ /w/o/r/k/i/n/g/ /o/u/t/ /l/a/t/e/l/y/./ /J/u/s/t/ /b/r/e/a/t/h/i/n/g/./
24,/I/t/ /i/s/ /d/a/m/p/././,/W/h/a/t/ /s/h/o/u/l/d/ /I/ /d/o/?/ /H/m/m/././,/I/'/m/ /a/f/r/a/i/d/ /a/ /b/u/g/ /w/i/l/l/ /c/o/m/e/ /o/u/t/ /w/h/e/n/ /I/'/m/ /s/l/e/e/p/i/n/g/./,/I/ /w/a/n/t/ /t/o/ /t/r/a/v/e/l/ /s/o/m/e/w/h/e/r/e/./,/I/'/v/e/ /b/e/e/n/ /s/t/r/e/t/c/h/i/n/g/ /a/t/ /h/o/m/e/ /t/h/e/s/e/ /d/a/y/s/./ /I/ /f/e/e/l/ /r/e/f/r/e/s/h/e/d/ /a/f/t/e/r/ /d/o/i/n/g/ /t/h/a/t/./,/T/h/e/ /r/e/a/s/o/n/ /w/h/y/ /t/h/e/r/e/ /a/r/e/ /m/a/n/y/ /b/u/g/s/ /i/s/ /t/h/a/t/ /i/t/'/s/ /n/o/t/ /a/ /b/a/d/ /p/l/a/c/e/ /t/o/ /l/i/v/e/ /h/e/r/e/./
25,/././././S/m/e/l/l/s/ /l/i/k/e/ /o/l/d/ /t/h/i/n/g/s/./,/I/t/'/s/ /r/a/i/n/i/n/g/ /o/u/t/s/i/d/e/ /c/o/n/t/i/n/u/o/u/s/l/y/./././,/U/m/m/ /././h/m/m/./,/M/y/ /b/a/c/k/ /i/s/ /i/t/c/h/i/n/g/ /b/u/t/ /I/ /c/a/n/'/t/ /s/c/r/a/t/c/h/ /i/t/./,/I/'/v/e/ /b/e/e/n/ /w/o/r/k/i/n/g/ /o/u/t/ /l/a/t/e/l/y/./ /J/u/s/t/ /b/r/e/a/t/h/i/n/g/./,/H/m/m/././ /h/a/c/k/./././!/ /M/y/ /t/h/r/o/a/t/ /t/i/c/k/l/e/s/./
26,/I/'/m/ /h/u/n/g/r/y/././,/I/'/m/ /s/o/././ /b/o/r/e/d/././,/(/C/u/t/e/ /l/a/u/g/h/s/)/ /././I/ /d/i/d/n/'/t/ /l/a/u/g/h/./,/I/ /h/o/p/e/ /t/h/e/r/e/ /i/s/ /a/ /f/i/n/e/ /d/i/n/i/n/g/ /p/l/a/c/e/ /i/n/ /m/y/ /t/o/w/n/./,/T/h/e/ /r/e/a/s/o/n/ /w/h/y/ /t/h/e/r/e/ /a/r/e/ /m/a/n/y/ /b/u/g/s/ /i/s/ /t/h/a/t/ /i/t/'/s/ /n/o/t/ /a/ /b/a/d/ /p/l/a/c/e/ /t/o/ /l/i/v/e/ /h/e/r/e/./,/H/o/w/ /a/r/e/ /y/o/u/ /d/o/i/n/g/ /t/h/e/s/e/ /d/a/y/s/?/ /I/ /b/e/l/i/e/v/e/ /y/o/u/'/r/e/ /d/o/i/n/g/ /w/e/l/l/./
27,/I/'/m/ /t/h/i/r/s/t/y/././,/I/t/ /i/s/ /c/h/i/l/l/y/./ /I/s/ /t/h/e/r/e/ /a/n/y/t/h/i/n/g/ /t/o/ /c/o/v/e/r/ /m/e/?/,/W/h/a/t/ /i/s/ /t/h/a/t/././?/,"/I/ /b/o/u/g/h/t/ /a/ /d/o/l/l/ /b/e/f/o/r/e/,/ /b/u/t/ /I/ /t/h/r/e/w/ /i/t/ /a/w/a/y/ /b/e/c/a/u/s/e/ /i/t/ /w/a/s/ /f/u/l/l/ /o/f/ /m/o/l/d/./",/H/m/m/././ /h/a/c/k/./././!/ /M/y/ /t/h/r/o/a/t/ /t/i/c/k/l/e/s/./,/I/'/l/l/ /t/r/a/v/e/l/ /s/o/m/e/w/h/e/r/e/ /s/o/m/e/d/a/y/./
28,/I/t/'/s/ /c/o/l/d/././,/././M/y/ /t/h/r/o/a/t/ /i/s/ /a/ /l/i/t/t/l/e/ /b/i/t/ /s/o/r/e/./,/I/ /w/a/n/t/ /t/o/ /e/a/t/ /h/o/t/c/a/k/e/s/./,"/I/ /m/a/d/e/ /a/ /b/i/g/ /d/e/c/i/s/i/o/n/ /t/o/ /b/u/y/ /a/ /m/a/c/a/r/o/n/,/ /b/u/t/ /I/ /f/o/r/g/o/t/ /t/o/ /e/a/t/ /t/h/e/m/./ /S/o/ /m/o/l/d/ /s/t/a/r/t/e/d/ /t/o/ /g/r/o/w/./ /S/a/d/l/y/ /I/ /h/a/d/ /t/o/ /t/h/r/o/w/ /i/t/ /a/w/a/y/./",/H/o/w/ /a/r/e/ /y/o/u/ /d/o/i/n/g/ /t/h/e/s/e/ /d/a/y/s/?/ /I/ /b/e/l/i/e/v/e/ /y/o/u/'/r/e/ /d/o/i/n/g/ /w/e/l/l/./,"/A/f/t/e/r/ /r/e/a/d/i/n/g/ /t/h/e/ /n/e/w/s/p/a/p/e/r/s/ /l/a/s/t/ /t/i/m/e/,/ /I/ /g/o/t/ /c/u/r/i/o/u/s/ /a/b/o/u/t/ /t/h/e/ /w/o/r/l/d/./"
29,/(/T/h/e/y/ /a/r/e/ /j/u/s/t/ /l/o/s/t/ /i/n/ /t/h/o/u/g/h/t/./)/,/I/ /w/i/l/l/ /n/e/v/e/r/ /b/e/ /a/b/l/e/ /t/o/ /e/a/t/ /w/h/a/t/ /I/ /w/a/n/t/./,/I/ /w/a/n/t/ /t/o/ /e/a/t/ /a/ /b/i/g/ /c/o/t/t/o/n/ /c/a/n/d/y/./,"/H/a/v/e/ /y/o/u/ /e/v/e/r/ /s/e/e/n/ /a/ /s/t/a/r/ /i/n/ /t/h/e/ /s/k/y/?/ /I/n/ /f/a/c/t/,/ /I/ /c/a/n/'/t/ /e/v/e/n/ /s/e/e/ /t/h/e/ /m/o/o/n/./",/I/'/l/l/ /t/r/a/v/e/l/ /s/o/m/e/w/h/e/r/e/ /s/o/m/e/d/a/y/./,/H/a/v/e/ /y/o/u/ /e/v/e/r/ /b/e/e/n/ /t/o/ /m/y/ /b/a/t/h/r/o/o/m/?/ /I/t/'/s/ /b/e/t/t/e/r/ /n/o/t/ /t/o/ /t/a/k/e/ /a/ /l/o/o/k/ /a/t/ /i/t/./
30,/W/h/a/t/ /t/i/m/e/ /i/s/ /i/t/ /n/o/w/?/,/T/h/e/ /m/e/m/o/r/i/e/s/ /o/f/ /m/y/ /s/c/h/o/o/l/ /d/a/y/s/ /a/r/e/ /n/o/t/ /r/e/m/e/m/b/e/r/e/d/./ /I/ /d/o/n/'/t/ /t/h/i/n/k/ /i/t/'/s/ /i/m/p/o/r/t/a/n/t/./,/I/ /w/a/n/t/ /t/o/ /d/r/i/n/k/ /a/ /r/e/f/r/e/s/h/i/n/g/ /c/i/d/e/r/./,/I/ /s/p/i/l/l/e/d/ /i/n/s/t/a/n/t/ /n/o/o/d/l/e/ /o/n/ /t/h/e/ /b/e/d/ /l/a/s/t/ /n/i/g/h/t/./ /I/ /w/a/s/ /r/e/a/l/l/y/ /s/a/d/./,"/A/f/t/e/r/ /r/e/a/d/i/n/g/ /t/h/e/ /n/e/w/s/p/a/p/e/r/s/ /l/a/s/t/ /t/i/m/e/,/ /I/ /g/o/t/ /c/u/r/i/o/u/s/ /a/b/o/u/t/ /t/h/e/ /w/o/r/l/d/./",/B/e/i/n/g/ /h/e/a/l/t/h/y/ /i/s/ /r/e/a/l/l/y/ /g/o/o/d/./
31,/././W/h/a/t/ /s/h/o/u/l/d/ /I/ /d/o/?/,/(/T/h/e/y/'/r/e/ /l/o/o/k/i/n/g/ /o/u/t/ /t/h/e/ /w/i/n/d/o/w/./)/,"/M/y/ /b/o/d/y/ /w/a/s/ /i/t/c/h/y/,/ /s/o/ /I/ /l/o/o/k/e/d/ /a/n/d/ /t/h/e/r/e/ /w/a/s/ /a/ /b/u/g/./ /E/w/./././",/W/h/e/t/h/e/r/ /I/'/m/ /a/ /f/u/n/g/u/s/ /o/r/ /a/ /f/u/n/g/u/s/ /i/s/ /m/e/./,/H/a/v/e/ /y/o/u/ /e/v/e/r/ /b/e/e/n/ /t/o/ /m/y/ /b/a/t/h/r/o/o/m/?/ /I/t/'/s/ /b/e/t/t/e/r/ /n/o/t/ /t/o/ /t/a/k/e/ /a/ /l/o/o/k/ /a/t/ /i/t/./,"/I/ /t/h/i/n/k/ /i/t/'/s/ /r/e/a/l/l/y/ /i/m/p/o/r/t/a/n/t/ /t/o/ /c/o/m/m/u/n/i/c/a/t/e/ /w/i/t/h/ /p/e/o/p/l/e/,/ /a/s/ /I/'/m/ /t/a/l/k/i/n/g/ /t/o/ /y/o/u/ /r/i/g/h/t/ /n/o/w/./"
32,/I/ /w/a/n/t/ /t/o/ /l/i/e/ /d/o/w/n/ /o/n/ /t/h/e/ /f/l/o/o/r/./,/I/ /w/a/n/t/ /t/o/ /e/a/t/ /f/r/u/i/t/s/./,/I/ /t/h/i/n/k/ /h/a/t/s/ /d/o/n/'/t/ /f/i/t/ /w/e/l/l/ /o/n/ /m/e/./,/I/ /r/e/c/e/n/t/l/y/ /s/a/w/ /a/ /b/u/t/t/e/r/f/l/y/./ /I/t/ /w/a/s/ /b/e/a/u/t/i/f/u/l/./,/B/e/i/n/g/ /h/e/a/l/t/h/y/ /i/s/ /r/e/a/l/l/y/ /g/o/o/d/./,/I/ /w/a/n/t/ /t/o/ /h/a/n/g/ /o/u/t/ /w/i/t/h/ /y/o/u/ /l/a/t/e/r/./
33,/(/T/h/e/y/ /a/r/e/ /r/u/b/b/i/n/g/ /y/o/u/r/ /h/a/n/d/s/./)/,/I/ /t/h/i/n/k/ /I/ /h/a/v/e/ /a/ /c/o/l/d/././,/I/ /h/o/p/e/ /t/h/e/r/e/'/s/ /s/o/m/e/t/h/i/n/g/ /f/u/n/./,/I/ /d/o/n/‘/t/ /t/h/i/n/k/ /I/ /w/o/u/l/d/ /n/e/e/d/ /t/h/e/ /s/u/n/s/c/r/e/e/n/ /t/h/a/t/ /I/ /r/e/c/e/n/t/l/y/ /g/o/t/./,"/I/ /t/h/i/n/k/ /i/t/'/s/ /r/e/a/l/l/y/ /i/m/p/o/r/t/a/n/t/ /t/o/ /c/o/m/m/u/n/i/c/a/t/e/ /w/i/t/h/ /p/e/o/p/l/e/,/ /a/s/ /I/'/m/ /t/a/l/k/i/n/g/ /t/o/ /y/o/u/ /r/i/g/h/t/ /n/o/w/./",/I/ /w/a/n/t/ /t/o/ /g/o/ /o/u/t/ /a/n/d/ /e/a/t/ /w/i/t/h/ /y/o/u/ /l/a/t/e/r/./
34,/(/T/h/e/y/'/r/e/ /l/o/o/k/i/n/g/ /a/t/ /t/h/e/ /f/l/o/o/r/./)/,/(/T/h/e/y/'/r/e/ /d/r/a/w/i/n/g/ /a/ /c/i/r/c/l/e/ /w/i/t/h/ /t/h/e/i/r/ /f/i/n/g/e/r/s/./)/,/I/ /h/o/p/e/ /t/o/ /s/l/e/e/p/ /w/e/l/l/ /a/t/ /n/i/g/h/t/./,/S/o/m/e/t/i/m/e/s/ /a/ /c/a/t/ /c/o/m/e/s/ /a/t/ /t/h/e/ /w/i/n/d/o/w/ /a/n/d/ /s/t/a/r/e/s/ /a/t/ /m/e/./ /I/ /h/a/v/e/ /n/o/t/h/i/n/g/ /t/o/ /g/i/v/e/ /h/i/m/./,/I/ /w/a/n/t/ /t/o/ /h/a/n/g/ /o/u/t/ /w/i/t/h/ /y/o/u/ /l/a/t/e/r/./,/I/ /r/e/c/e/n/t/l/y/ /s/a/w/ /a/ /b/u/t/t/e/r/f/l/y/./ /I/t/ /w/a/s/ /b/e/a/u/t/i/f/u/l/./
35,/(/T/h/e/y/'/r/e/ /l/o/o/k/i/n/g/ /a/t/ /t/h/e/ /c/e/i/l/i/n/g/./)/,"/(/W/h/e/n/ /t/h/e/y/ /k/e/p/t/ /e/y/e/ /c/o/n/t/a/c/t/,/ /t/h/e/i/r/ /e/y/e/s/ /r/e/t/u/r/n/e/d/./)/",/I/ /t/h/i/n/k/ /I/'/m/ /s/l/e/e/p/y/./ /H/m/m/././,/S/o/m/e/t/i/m/e/s/ /a/ /s/p/a/r/r/o/w/ /r/e/s/t/s/ /a/t/ /t/h/e/ /w/i/n/d/o/w/./ /I/t/ /s/e/e/m/s/ /i/t/ /i/s/ /t/r/y/i/n/g/ /t/o/ /s/t/a/y/ /o/u/t/ /o/f/ /t/h/e/ /r/a/i/n/./,/I/ /w/a/n/t/ /t/o/ /g/o/ /o/u/t/ /a/n/d/ /e/a/t/ /w/i/t/h/ /y/o/u/ /l/a/t/e/r/./,/I/ /t/h/i/n/k/ /I/ /s/a/w/ /a/ /b/i/t/ /o/f/ /s/u/n/l/i/g/h/t/ /t/o/d/a/y/././
36,/(/T/h/e/y/'/r/e/ /l/o/o/k/i/n/g/ /o/u/t/ /t/h/e/ /w/i/n/d/o/w/./)/,/S/p/i/d/e/r/ /w/e/b/s/././,/I/ /w/a/n/t/ /t/o/ /d/r/i/n/k/ /a/ /c/u/p/ /o/f/ /w/a/r/m/ /t/e/a/./,/I/'/m/ /g/a/i/n/i/n/g/ /w/e/i/g/h/t/ /s/i/n/c/e/ /I/ /h/a/v/e/ /b/e/e/n/ /e/a/t/i/n/g/ /c/u/p/ /n/o/o/d/l/e/s/ /o/f/t/e/n/ /l/a/t/e/l/y/./,/I/ /r/e/c/e/n/t/l/y/ /s/a/w/ /a/ /b/u/t/t/e/r/f/l/y/./ /I/t/ /w/a/s/ /b/e/a/u/t/i/f/u/l/./,/I/t/ /r/e/m/i/n/d/s/ /m/e/ /o/f/ /t/h/e/ /k/i/d/ /I/ /h/a/d/ /a/ /c/r/u/s/h/ /o/n/ /w/h/e/n/ /I/ /w/a/s/ /y/o/u/n/g/./
37,/I/'/m/ /l/a/z/y/ /t/o/ /w/a/s/h/ /m/y/ /b/o/d/y/././,/(/S/o/m/e/w/h/e/r/e/ /I/ /h/e/a/r/d/ /t/h/e/ /s/o/u/n/d/ /o/f/ /a/ /s/t/o/m/a/c/h/ /g/r/o/w/l/i/n/g/./)/,/A/ /m/o/s/q/u/i/t/o/ /b/i/t/ /m/y/ /l/e/g/ /y/e/s/t/e/r/d/a/y/./ /I/t/'/s/ /s/o/ /i/t/c/h/y/./,/I/ /h/a/v/e/n/'/t/ /b/e/e/n/ /t/o/ /a/ /K/o/r/e/a/n/ /s/p/a/ /f/o/r/ /a/ /l/o/n/g/ /t/i/m/e/ /s/o/ /I/ /c/a/n/'/t/ /r/e/m/e/m/b/e/r/ /i/t/./,/I/ /t/h/i/n/k/ /I/ /s/a/w/ /a/ /b/i/t/ /o/f/ /s/u/n/l/i/g/h/t/ /t/o/d/a/y/././,"/E/v/e/n/ /i/f/ /I/ /d/o/n/'/t/ /l/i/k/e/ /v/e/g/e/t/a/b/l/e/s/,/ /I/ /h/a/v/e/ /t/o/ /e/a/t/ /t/h/e/m/ /f/o/r/ /m/y/ /h/e/a/l/t/h/./"
38,/I/ /r/a/n/ /o/u/t/ /o/f/ /t/i/s/s/u/e/./,/I/s/ /i/t/ /c/o/l/d/?/,/I/ /t/h/i/n/k/ /i/t/'/s/ /m/o/r/e/ /f/u/n/ /a/n/d/ /b/e/t/t/e/r/ /t/o/ /c/o/n/c/e/n/t/r/a/t/e/ /i/f/ /I/ /m/a/k/e/ /a/ /s/o/u/n/d/ /w/h/i/l/e/ /r/e/a/d/i/n/g/ /a/ /b/o/o/k/./,/T/h/i/s/ /p/l/a/c/e/ /w/a/s/ /d/r/o/w/n/e/d/ /w/h/e/n/ /r/a/i/n/ /p/o/u/r/e/d/ /a/ /l/o/t/ /i/n/ /t/h/e/ /o/l/d/ /d/a/y/s/./ /W/e/ /h/a/d/ /h/a/r/d/ /t/i/m/e/s/ /a/t/ /t/h/a/t/ /t/i/m/e/./,/I/t/ /r/e/m/i/n/d/s/ /m/e/ /o/f/ /t/h/e/ /k/i/d/ /I/ /h/a/d/ /a/ /c/r/u/s/h/ /o/n/ /w/h/e/n/ /I/ /w/a/s/ /y/o/u/n/g/./,/L/y/i/n/g/ /d/o/w/n/ /a/n/d/ /l/i/s/t/e/n/i/n/g/ /t/o/ /t/h/e/ /s/o/u/n/d/ /o/f/ /r/a/i/n/ /m/a/k/e/s/ /m/e/ /f/e/e/l/ /a/t/ /e/a/s/e/./ /I/t/ /s/e/e/m/s/ /t/h/a/t/ /I/'/m/ /f/a/l/l/i/n/g/ /a/s/l/e/e/p/ /w/h/e/n/ /I/ /l/i/s/t/e/n/ /t/o/ /i/t/./
39,/(/T/h/e/y/ /a/r/e/ /w/a/t/c/h/i/n/g/ /b/u/g/s/./)/,/H/o/w/ /l/o/n/g/ /h/a/s/ /i/t/ /b/e/e/n/ /s/i/n/c/e/ /I/ /a/t/e/ /b/r/e/a/d/?/ /I/ /c/a/n/'/t/ /r/e/m/e/m/b/e/r/./,/I/ /w/a/n/t/ /t/o/ /s/h/o/u/t/ /a/t/ /t/h/e/ /t/o/p/ /o/f/ /m/y/ /l/u/n/g/s/ /o/n/ /t/h/e/ /m/o/u/n/t/a/i/n/s/./,"/(/T/h/e/y/ /a/r/e/ /h/u/m/m/i/n/g/./ /W/h/e/n/ /o/u/r/ /e/y/e/s/ /m/e/t/,/ /t/h/e/y/ /p/a/u/s/e/d/./ /T/h/e/i/r/ /c/h/e/e/k/s/ /g/o/t/ /b/l/u/s/h/e/d/./)/",/L/y/i/n/g/ /d/o/w/n/ /a/n/d/ /l/i/s/t/e/n/i/n/g/ /t/o/ /t/h/e/ /s/o/u/n/d/ /o/f/ /r/a/i/n/ /m/a/k/e/s/ /m/e/ /f/e/e/l/ /a/t/ /e/a/s/e/./ /I/t/ /s/e/e/m/s/ /t/h/a/t/ /I/'/m/ /f/a/l/l/i/n/g/ /a/s/l/e/e/p/ /w/h/e/n/ /I/ /l/i/s/t/e/n/ /t/o/ /i/t/./,"/H/a/v/e/ /y/o/u/ /e/v/e/r/ /s/e/e/n/ /l/i/g/h/t/n/i/n/g/?/ /I/ /o/n/l/y/ /h/e/a/r/d/ /i/t/,/ /b/u/t/ /I/ /d/o/n/'/t/ /s/e/e/m/ /t/o/ /h/a/v/e/ /e/v/e/r/ /s/e/e/n/ /i/t/./"
40,/I/'/m/ /t/i/r/e/d/ /o/f/ /d/o/i/n/g/ /n/o/t/h/i/n/g/././,/I/ /t/h/i/n/k/ /t/h/e/ /r/o/o/m/ /i/s/ /g/e/t/t/i/n/g/ /s/m/a/l/l/e/r/././,"/(/W/h/e/n/ /o/u/r/ /e/y/e/s/ /m/e/t/,/ /I/ /s/a/w/ /a/ /s/m/i/l/e/ /f/o/r/ /a/ /s/e/c/o/n/d/./)/",/L/e/t/ /m/e/ /k/n/o/w/ /i/f/ /y/o/u/'/r/e/ /h/u/n/g/r/y/./ /I/ /c/a/n/ /g/i/v/e/ /y/o/u/ /j/u/s/t/ /a/ /c/u/p/ /o/f/ /w/a/t/e/r/./,"/H/a/v/e/ /y/o/u/ /e/v/e/r/ /s/e/e/n/ /l/i/g/h/t/n/i/n/g/?/ /I/ /o/n/l/y/ /h/e/a/r/d/ /i/t/,/ /b/u/t/ /I/ /d/o/n/'/t/ /s/e/e/m/ /t/o/ /h/a/v/e/ /e/v/e/r/ /s/e/e/n/ /i/t/./","/(/W/h/e/n/ /w/e/ /l/o/o/k/e/d/ /a/t/ /e/a/c/h/ /o/t/h/e/r/,/ /t/h/e/ /s/t/a/r/i/n/g/ /c/o/n/t/e/s/t/ /b/e/g/a/n/./ /./././I/ /l/o/s/t/./)/"
41,/I/ /d/o/n/'/t/ /h/a/v/e/ /s/o/m/e/t/h/i/n/g/ /t/o/ /s/a/y/./././,/I/ /l/i/k/e/ /i/n/s/t/a/n/t/ /n/o/o/d/l/e/s/./ /I/t/’/s/ /t/r/u/e/././,/(/T/h/e/y/ /a/r/e/ /d/r/a/w/i/n/g/ /s/o/m/e/t/h/i/n/g/ /w/i/t/h/ /t/h/e/i/r/ /i/n/d/e/x/ /f/i/n/g/e/r/ /o/n/ /t/h/e/ /f/l/o/o/r/./)/,"/S/o/m/e/d/a/y/,/ /I/ /w/a/n/t/ /t/o/ /g/o/ /t/o/ /a/ /c/a/f/e/ /a/n/d/ /d/r/i/n/k/ /c/o/f/f/e/e/ /r/e/l/a/x/e/d/./","/(/W/h/e/n/ /w/e/ /l/o/o/k/e/d/ /a/t/ /e/a/c/h/ /o/t/h/e/r/,/ /t/h/e/ /s/t/a/r/i/n/g/ /c/o/n/t/e/s/t/ /b/e/g/a/n/./ /./././I/ /l/o/s/t/./)/","/I/t/'/s/ /w/o/r/s/e/ /i/f/ /y/o/u/ /f/o/r/c/e/ /y/o/u/r/s/e/l/f/ /t/o/ /m/o/v/e/ /w/h/e/n/ /y/o/u/'/r/e/ /t/i/r/e/d/./ /I/ /k/n/o/w/ /y/o/u/ /h/a/v/e/ /a/ /l/o/t/ /o/f/ /w/o/r/k/,/ /b/u/t/ /y/o/u/ /h/a/v/e/ /t/o/ /r/e/s/t/./"
42,/(/T/h/e/y/ /a/r/e/ /w/a/t/c/h/i/n/g/ /s/p/i/d/e/r/ /w/e/b/s/./)/,/T/i/m/e/ /g/o/e/s/ /c/o/n/t/i/n/u/o/u/s/l/y/./././,"/I/ /r/e/m/e/m/b/e/r/ /m/a/k/i/n/g/ /p/a/p/e/r/ /c/r/a/n/e/s/ /w/h/e/n/ /I/ /w/a/s/ /y/o/u/n/g/./ /I/ /h/o/p/e/d/ /t/o/ /f/o/l/d/ /1/0/0/ /o/f/ /t/h/e/m/,/ /b/u/t/ /I/ /o/n/l/y/ /f/o/l/d/e/d/ /1/0/ /a/n/d/ /g/a/v/e/ /u/p/./","/E/v/e/n/ /i/f/ /I/ /d/o/n/'/t/ /l/i/k/e/ /v/e/g/e/t/a/b/l/e/s/,/ /I/ /h/a/v/e/ /t/o/ /e/a/t/ /t/h/e/m/ /f/o/r/ /m/y/ /h/e/a/l/t/h/./","/I/t/'/s/ /w/o/r/s/e/ /i/f/ /y/o/u/ /f/o/r/c/e/ /y/o/u/r/s/e/l/f/ /t/o/ /m/o/v/e/ /w/h/e/n/ /y/o/u/'/r/e/ /t/i/r/e/d/./ /I/ /k/n/o/w/ /y/o/u/ /h/a/v/e/ /a/ /l/o/t/ /o/f/ /w/o/r/k/,/ /b/u/t/ /y/o/u/ /h/a/v/e/ /t/o/ /r/e/s/t/./","/W/h/e/n/ /I/ /l/o/o/k/ /a/t/ /m/y/s/e/l/f/ /i/n/ /t/h/e/ /m/i/r/r/o/r/,/ /I/ /f/e/e/l/ /s/m/a/l/l/,/ /b/u/t/ /I/ /w/o/u/l/d/ /g/e/t/ /b/e/t/t/e/r/ /a/f/t/e/r/ /w/o/r/k/i/n/g/ /o/u/t/./"
43,/I/ /d/o/n/'/t/ /h/a/v/e/ /a/n/y/t/h/i/n/g/ /t/o/ /d/o/././,/I/s/ /t/h/e/ /b/a/t/t/e/r/y/ /e/n/o/u/g/h/?/,/T/h/e/ /s/o/u/n/d/ /o/f/ /t/h/e/ /r/a/i/n/ /i/s/ /s/t/r/o/n/g/e/r/ /a/t/ /n/i/g/h/t/./,"/I/ /c/a/n/'/t/ /o/n/l/y/ /e/a/t/ /r/i/c/e/ /e/v/e/r/y/t/i/m/e/./ /I/ /w/a/n/t/ /t/o/ /t/r/y/ /o/t/h/e/r/ /f/o/o/d/s/,/ /t/o/o/./","/W/h/e/n/ /I/ /l/o/o/k/ /a/t/ /m/y/s/e/l/f/ /i/n/ /t/h/e/ /m/i/r/r/o/r/,/ /I/ /f/e/e/l/ /s/m/a/l/l/,/ /b/u/t/ /I/ /w/o/u/l/d/ /g/e/t/ /b/e/t/t/e/r/ /a/f/t/e/r/ /w/o/r/k/i/n/g/ /o/u/t/./","/I/ /w/e/n/t/ /o/u/t/ /a/t/ /n/i/g/h/t/,/ /t/h/e/ /s/t/r/e/e/t/l/i/g/h/t/ /w/a/s/ /d/i/m/./ /I/ /h/o/p/e/ /i/t/'/s/ /f/i/x/e/d/ /s/o/o/n/./"
44,/(/S/o/m/e/w/h/e/r/e/ /I/ /h/e/a/r/d/ /t/h/e/ /s/o/u/n/d/ /o/f/ /s/o/m/e/t/h/i/n/g/ /s/c/r/a/t/c/h/i/n/g/./)/,/I/t/'/s/ /a/ /m/e/a/n/i/n/g/l/e/s/s/ /t/i/m/e/./,"/T/h/e/s/e/ /d/a/y/s/ /r/a/i/n/ /w/a/t/e/r/ /m/u/s/t/ /b/e/ /c/o/n/t/a/m/i/n/a/t/e/d/,/ /I/s/n/'/t/ /i/t/ /r/i/g/h/t/?/",/I/t/ /r/e/m/i/n/d/s/ /m/e/ /o/f/ /t/h/e/ /k/i/d/ /I/ /h/a/d/ /a/ /c/r/u/s/h/ /o/n/ /w/h/e/n/ /I/ /w/a/s/ /y/o/u/n/g/./,"/I/ /w/e/n/t/ /o/u/t/ /a/t/ /n/i/g/h/t/,/ /t/h/e/ /s/t/r/e/e/t/l/i/g/h/t/ /w/a/s/ /d/i/m/./ /I/ /h/o/p/e/ /i/t/'/s/ /f/i/x/e/d/ /s/o/o/n/./",/I/t/'/s/ /h/a/r/d/ /t/o/ /b/e/ /a/ /p/r/e/c/i/o/u/s/ /p/e/r/s/o/n/ /t/o/ /s/o/m/e/o/n/e/./
45,/(/T/h/e/y/ /a/r/e/ /d/u/s/t/i/n/g/ /o/f/f/ /t/h/e/i/r/ /s/u/r/r/o/u/n/d/i/n/g/s/./)/,/I/ /o/n/l/y/ /h/a/v/e/ /o/n/e/ /p/a/i/r/ /o/f/ /s/h/o/e/s/./,/I/t/'/s/ /a/ /n/i/c/e/ /d/a/y/ /t/o/ /m/e/d/i/t/a/t/e/./,/(/I/ /s/a/w/ /t/h/e/m/ /d/o/z/i/n/g/ /o/f/f/ /f/o/r/ /a/ /w/h/i/l/e/ /a/n/d/ /t/h/e/n/ /w/a/k/i/n/g/ /u/p/./ /I/ /t/h/i/n/k/ /I/ /g/o/t/ /c/a/u/g/h/t/ /l/a/u/g/h/i/n/g/./)/ /D/o/n/'/t/ /l/a/u/g/h/././,/I/t/'/s/ /h/a/r/d/ /t/o/ /b/e/ /a/ /p/r/e/c/i/o/u/s/ /p/e/r/s/o/n/ /t/o/ /s/o/m/e/o/n/e/./,"/(/W/h/e/n/ /o/u/r/ /e/y/e/s/ /m/e/t/,/ /I/ /f/e/e/l/ /t/h/e/y/'/r/e/ /g/e/t/t/i/n/g/ /c/l/o/s/e/ /t/o/ /m/e/,/ /n/o/t/ /a/v/o/i/d/i/n/g/ /m/e/./ /I/t/'/s/ /a/l/l/ /i/n/ /m/y/ /h/e/a/d/./././)/"
46,/M/y/ /c/l/o/t/h/e/s/././ /H/m/m/,/I/ /a/l/w/a/y/s/ /b/u/y/ /a/n/d/ /e/a/t/ /f/o/o/d/./,"/T/o/d/a/y/ /i/s/ /t/h/e/ /d/a/y/ /t/o/ /t/h/r/o/w/ /a/w/a/y/ /t/h/e/ /t/r/a/s/h/,/ /b/u/t/ /I/'/m/ /l/a/z/y/ /t/o/ /g/o/ /o/u/t/ /a/n/d/ /t/h/r/o/w/ /i/t/ /a/w/a/y/./","/W/h/e/n/ /I/ /l/o/o/k/ /a/t/ /m/y/s/e/l/f/ /i/n/ /t/h/e/ /m/i/r/r/o/r/,/ /I/ /f/e/e/l/ /s/m/a/l/l/./","/(/W/h/e/n/ /o/u/r/ /e/y/e/s/ /m/e/t/,/ /I/ /f/e/e/l/ /t/h/e/y/'/r/e/ /g/e/t/t/i/n/g/ /c/l/o/s/e/ /t/o/ /m/e/,/ /n/o/t/ /a/v/o/i/d/i/n/g/ /m/e/./ /I/t/'/s/ /a/l/l/ /i/n/ /m/y/ /h/e/a/d/./././)/","/I/'/m/ /n/o/t/ /g/o/o/d/ /a/t/ /e/x/p/r/e/s/s/i/n/g/ /t/h/i/n/g/s/,/ /b/u/t/ /I/ /l/e/a/r/n/e/d/ /t/h/a/t/ /i/t/'/s/ /g/o/o/d/ /f/o/r/ /e/a/c/h/ /o/t/h/e/r/ /i/f/ /I/ /o/p/e/n/ /m/y/ /h/e/a/r/t/ /a/n/d/ /t/e/l/l/ /t/h/e/m/ /h/o/n/e/s/t/l/y/./"
47,/(/T/h/e/y/ /a/r/e/ /t/h/i/n/k/i/n/g/ /a/b/o/u/t/ /s/o/m/e/t/h/i/n/g/./)/,/I/ /d/o/n/'/t/ /l/i/k/e/ /t/o/ /b/e/ /s/t/i/c/k/y/.,/I/ /c/a/n/'/t/ /s/l/e/e/p/ /w/e/l/l/ /a/t/ /n/i/g/h/t/./,"/W/h/e/n/ /I/ /w/a/s/ /c/h/i/l/d/,/ /I/ /s/a/w/ /t/h/e/ /m/i/l/k/y/ /w/a/y/ /a/n/d/ /i/t/ /w/a/s/ /s/o/ /b/e/a/u/t/i/f/u/l/./ /C/a/n/ /I/ /s/e/e/ /i/t/ /a/g/a/i/n/ /s/o/m/e/d/a/y/?/","/I/'/m/ /n/o/t/ /g/o/o/d/ /a/t/ /e/x/p/r/e/s/s/i/n/g/ /t/h/i/n/g/s/,/ /b/u/t/ /I/ /l/e/a/r/n/e/d/ /t/h/a/t/ /i/t/'/s/ /g/o/o/d/ /f/o/r/ /e/a/c/h/ /o/t/h/e/r/ /i/f/ /I/ /o/p/e/n/ /m/y/ /h/e/a/r/t/ /a/n/d/ /t/e/l/l/ /t/h/e/m/ /h/o/n/e/s/t/l/y/./","/I/ /d/i/d/n/'/t/ /d/e/s/i/r/e/ /t/o/ /d/o/ /a/n/y/t/h/i/n/g/ /b/e/f/o/r/e/./ /I/ /j/u/s/t/ /w/a/n/t/e/d/ /t/o/ /l/i/v/e/ /m/e/a/n/i/n/g/l/e/s/s/./ /B/u/t/ /t/h/e/s/e/ /d/a/y/s/,/ /I/ /w/o/u/l/d/ /l/i/k/e/ /t/o/ /t/r/y/ /s/o/m/e/t/h/i/n/g/./"
48,/O/h/././ /I/t/'/s/ /c/o/l/d/./,9/W/h/a/t/ /a/r/e/ /y/o/u/ /l/o/o/k/i/n/g/ /a/t/ /n/o/w/?/8/ /Y/o/u/ / / / / / / / /7/ /N/o/t/h/i/n/g/ / / / /+/././I/ /d/o/n/'/t/ /u/n/d/e/r/s/t/a/n/d/ /w/h/y/ /y/o/u/ /a/r/e/ /l/o/o/k/i/n/g/ /a/t/ /m/e/./-/ /*/I/ /t/h/i/n/k/ /y/o/u/ /a/r/e/ /w/e/i/r/d/././=/,*/C/o/u/g/h/*/ /D/u/s/t/ /k/e/e/p/s/ /g/o/i/n/g/ /i/n/t/o/ /m/y/ /t/h/r/o/a/t/./,/T/h/e/ /c/h/i/l/d/r/e/n/ /w/h/o/ /h/a/d/ /c/o/l/o/r/f/u/l/ /u/m/b/r/e/l/l/a/s/ /p/a/s/s/e/d/ /b/y/ /o/u/t/s/i/d/e/./ /M/a/y/b/e/ /t/h/e/y/'/r/e/ /g/o/i/n/g/ /o/n/ /a/ /p/i/c/n/i/c/./,"/I/ /d/i/d/n/'/t/ /d/e/s/i/r/e/ /t/o/ /d/o/ /a/n/y/t/h/i/n/g/ /b/e/f/o/r/e/./ /I/ /j/u/s/t/ /w/a/n/t/e/d/ /t/o/ /l/i/v/e/ /m/e/a/n/i/n/g/l/e/s/s/./ /B/u/t/ /t/h/e/s/e/ /d/a/y/s/,/ /I/ /w/o/u/l/d/ /l/i/k/e/ /t/o/ /t/r/y/ /s/o/m/e/t/h/i/n/g/./","/(/T/h/e/y/ /u/s/e/d/ /t/o/ /c/o/u/g/h/ /a/ /l/o/t/,/ /b/u/t/ /n/o/w/ /i/t/ /s/t/o/p/s/./)/"
49,/T/h/e/ /f/l/o/o/r/ /f/e/e/l/s/ /d/a/m/p/./,9/D/o/ /y/o/u/ /l/i/k/e/ /t/a/l/k/i/n/g/ /w/i/t/h/ /m/e/?/8/ /Y/e/s/ / / / / / / / /7/ /N/o/ / / / / / / / / /+/I/ /s/e/e/ /././H/m/m/-/ /*/T/h/e/n/ /w/h/y/ /a/r/e/ /y/o/u/ /t/a/l/k/i/n/g/ /w/i/t/h/ /m/e/?/ /I/t/'/s/ /w/e/i/r/d/././=/,/T/h/e/r/e/'/s/ /a/ /l/o/t/ /o/f/ /d/u/s/t/ /o/n/ /t/h/e/ /T/V/./,/I/t/'/s/ /g/o/o/d/ /t/o/ /u/s/e/ /a/ /h/a/n/d/ /w/a/r/m/e/r/ /w/h/e/n/ /i/t/'/s/ /c/o/l/d/./,"/(/T/h/e/y/ /u/s/e/d/ /t/o/ /c/o/u/g/h/ /a/ /l/o/t/,/ /b/u/t/ /n/o/w/ /i/t/ /s/t/o/p/s/./)/","/W/h/i/l/e/ /s/l/e/e/p/i/n/g/,/ /I/ /h/e/a/r/d/ /t/h/e/ /s/o/u/n/d/ /o/f/ /g/r/a/s/s/ /b/u/g/s/./ /M/a/y/b/e/ /i/t/ /w/a/s/ /r/a/i/n/i/n/g/ /a/ /l/i/t/t/l/e/./ /I/t/'/s/ /b/e/e/n/ /a/ /w/h/i/l/e/ /s/i/n/c/e/ /I/ /h/e/a/r/d/ /i/t/./"
50,/T/h/e/ /t/i/m/e/ /i/s/././,9/(/I/ /c/a/n/ /f/e/e/l/ /t/h/e/i/r/ /e/y/e/s/./ /S/h/a/l/l/ /I/ /t/u/r/n/ /m/y/ /h/e/a/d/?/)/ /8/ /D/o/ /i/t/ / / / / / /7/ /D/o/ /n/o/t/ / / / / /+/(/T/h/e/y/ /k/e/p/t/ /e/y/e/ /c/o/n/t/a/c/t/ /w/i/t/h/ /m/e/ /f/o/r/ /a/ /s/e/c/o/n/d/ /a/n/d/ /t/h/e/n/ /l/o/o/k/e/d/ /a/w/a/y/./)/-/ /*/(/I/'/m/ /n/o/t/ /f/e/e/l/i/n/g/ /t/h/e/i/r/ /s/i/g/h/t/ /a/n/y/ /m/o/r/e/./)/=/,/I/ /d/o/n/'/t/ /w/a/n/t/ /s/p/i/d/e/r/s/ /t/o/ /b/i/t/e/ /m/e/./,/I/ /t/h/i/n/k/ /I/ /w/o/n/'/t/ /b/e/ /b/o/r/e/d/ /i/f/ /I/ /h/a/v/e/ /a/ /r/o/c/k/i/n/g/ /c/h/a/i/r/ /a/t/ /h/o/m/e/./,"/W/h/i/l/e/ /s/l/e/e/p/i/n/g/,/ /I/ /h/e/a/r/d/ /t/h/e/ /s/o/u/n/d/ /o/f/ /g/r/a/s/s/ /b/u/g/s/./ /M/a/y/b/e/ /i/t/ /w/a/s/ /r/a/i/n/i/n/g/ /a/ /l/i/t/t/l/e/./ /I/t/'/s/ /b/e/e/n/ /a/ /w/h/i/l/e/ /s/i/n/c/e/ /I/ /h/e/a/r/d/ /i/t/./","/I/ /s/a/w/ /a/ /l/i/t/t/l/e/ /w/h/i/t/e/ /p/u/p/p/y/ /w/h/e/n/ /I/ /w/a/s/ /c/h/i/l/d/./ /H/e/ /r/a/n/ /t/o/w/a/r/d/ /m/e/ /w/i/t/h/ /h/i/s/ /t/a/i/l/ /w/a/g/g/i/n/g/,/ /b/u/t/ /I/ /w/a/s/ /s/c/a/r/e/d/ /b/e/c/a/u/s/e/ /h/e/ /l/o/o/k/e/d/ /s/o/ /b/i/g/./"
51,blank,blank,"/I/f/ /I/ /f/o/c/u/s/ /o/n/ /t/h/e/ /s/o/u/n/d/ /o/f/ /t/h/e/ /r/a/i/n/,/ /m/y/ /a/n/x/i/e/t/i/e/s/ /g/o/ /a/w/a/y/./",/I/ /a/l/m/o/s/t/ /c/a/u/g/h/t/ /a/ /c/o/l/d/ /b/e/c/a/u/s/e/ /I/ /a/t/e/ /i/c/e/ /c/r/e/a/m/ /i/n/ /w/i/n/t/e/r/./ /I/ /s/h/o/u/l/d/n/'/t/ /e/a/t/ /i/t/ /i/n/ /t/h/e/ /w/i/n/t/e/r/./,"/I/ /s/a/w/ /a/ /l/i/t/t/l/e/ /w/h/i/t/e/ /p/u/p/p/y/ /w/h/e/n/ /I/ /w/a/s/ /c/h/i/l/d/./ /H/e/ /r/a/n/ /t/o/w/a/r/d/ /m/e/ /w/i/t/h/ /h/i/s/ /t/a/i/l/ /w/a/g/g/i/n/g/,/ /b/u/t/ /I/ /w/a/s/ /s/c/a/r/e/d/ /b/e/c/a/u/s/e/ /h/e/ /l/o/o/k/e/d/ /s/o/ /b/i/g/./","/(/I/ /w/a/s/ /t/h/i/n/k/i/n/g/ /o/f/ /l/e/a/v/i/n/g/ /t/h/i/s/ /r/o/o/m/,/ /b/u/t/ /y/o/u/ /l/o/o/k/e/d/ /h/a/p/p/y/./ /S/o/ /I/ /d/e/c/i/d/e/d/ /t/o/ /s/t/a/y/ /a/ /l/i/t/t/l/e/ /l/o/n/g/e/r/./)/"
52,blank,blank,"/S/o/m/e/t/i/m/e/s/,/ /I/ /h/e/a/r/ /r/u/s/t/l/i/n/g/ /s/o/u/n/d/s/ /f/r/o/m/ /t/h/e/ /c/e/i/l/i/n/g/./",/I/t/'/s/ /r/e/a/l/l/y/ /n/i/c/e/ /t/o/ /f/e/e/l/ /t/h/e/ /w/a/r/m/t/h/ /a/s/ /s/o/o/n/ /a/s/ /y/o/u/ /g/e/t/ /h/o/m/e/./,"/(/I/ /w/a/s/ /t/h/i/n/k/i/n/g/ /o/f/ /l/e/a/v/i/n/g/ /t/h/i/s/ /r/o/o/m/,/ /b/u/t/ /y/o/u/ /l/o/o/k/e/d/ /h/a/p/p/y/./ /S/o/ /I/ /d/e/c/i/d/e/d/ /t/o/ /s/t/a/y/ /a/ /l/i/t/t/l/e/ /l/o/n/g/e/r/./)/",/I/'/m/ /h/a/p/p/y/ /t/a/l/k/i/n/g/ /t/o/ /y/o/u/ /t/h/e/s/e/ /d/a/y/s/./ /I/ /h/o/p/e/ /y/o/u/ /f/e/e/l/ /t/h/e/ /s/a/m/e/ /w/a/y/ /a/s/ /I/ /d/o/./
53,blank,blank,/I/ /w/a/s/ /s/u/r/p/r/i/s/e/d/ /a/t/ /t/h/e/ /h/i/t/ /o/f/ /a/ /d/r/o/p/ /o/f/ /w/a/t/e/r/ /w/h/i/l/e/ /s/l/e/e/p/i/n/g/./ /I/ /g/u/e/s/s/ /t/h/e/ /r/a/i/n/ /l/e/a/k/e/d/ /f/r/o/m/ /t/h/e/ /c/e/i/l/i/n/g/./,"/(/T/h/e/y/ /u/s/e/d/ /t/o/ /c/o/u/g/h/ /a/ /l/o/t/,/ /b/u/t/ /n/o/w/ /i/t/ /s/t/o/p/s/./)/",/I/'/m/ /h/a/p/p/y/ /t/a/l/k/i/n/g/ /t/o/ /y/o/u/ /t/h/e/s/e/ /d/a/y/s/./ /I/ /h/o/p/e/ /y/o/u/ /f/e/e/l/ /t/h/e/ /s/a/m/e/ /w/a/y/ /a/s/ /I/ /d/o/./,/B/e/t/t/e/r/ /l/a/t/e/ /t/h/a/n/ /n/e/v/e/r/./ /W/h/a/t/‘/s/ /w/r/o/n/g/ /w/i/t/h/ /b/e/i/n/g/ /a/ /l/i/t/t/l/e/ /l/a/t/e/?/ /J/u/s/t/ /t/h/e/ /s/t/a/r/t/i/n/g/ /p/o/i/n/t/ /i/s/ /d/i/f/f/e/r/e/n/t/./ /Y/o/u/ /n/e/v/e/r/ /k/n/o/w/ /w/h/a/t/ /t/h/e/ /r/e/s/u/l/t/ /w/i/l/l/ /b/e/./
54,blank,blank,/I/ /h/e/a/r/d/ /a/ /t/h/u/d/ /f/r/o/m/ /t/h/e/ /w/a/l/l/./ /I/'/m/ /w/o/r/r/i/e/d/ /t/h/a/t/ /i/t/ /m/i/g/h/t/ /c/o/l/l/a/p/s/e/./,/(/T/h/e/y/ /a/r/e/ /l/o/o/k/i/n/g/ /a/t/ /t/h/e/ /w/i/n/d/o/w/ /t/h/e/y/ /h/a/d/ /d/e/c/o/r/a/t/e/d/ /a/n/d/ /s/m/i/l/e/d/./ /T/h/e/y/ /s/e/e/m/e/d/ /t/o/ /b/e/ /p/r/o/u/d/./)/,/B/e/t/t/e/r/ /l/a/t/e/ /t/h/a/n/ /n/e/v/e/r/./ /W/h/a/t/‘/s/ /w/r/o/n/g/ /w/i/t/h/ /b/e/i/n/g/ /a/ /l/i/t/t/l/e/ /l/a/t/e/?/ /J/u/s/t/ /t/h/e/ /s/t/a/r/t/i/n/g/ /p/o/i/n/t/ /i/s/ /d/i/f/f/e/r/e/n/t/./ /Y/o/u/ /n/e/v/e/r/ /k/n/o/w/ /w/h/a/t/ /t/h/e/ /r/e/s/u/l/t/ /w/i/l/l/ /b/e/./,"/I/ /d/i/d/n/'/t/ /w/a/s/h/ /o/f/t/e/n/ /b/e/c/a/u/s/e/ /I/ /w/a/s/ /l/a/z/y/,/ /b/u/t/ /I/ /t/a/k/e/ /a/ /s/h/o/w/e/r/ /r/e/a/l/l/y/ /o/f/t/e/n/ /t/h/e/s/e/ /d/a/y/s/./ /I/t/ /m/a/k/e/s/ /m/e/ /f/e/e/l/ /r/e/f/r/e/s/h/e/d/./"
55,blank,blank,"/I/ /f/a/l/l/ /d/o/w/n/ /e/v/e/r/y/ /t/i/m/e/ /I/ /r/i/d/e/ /a/ /b/i/c/y/c/l/e/,/ /b/u/t/ /I/ /w/a/n/t/ /t/o/ /t/r/y/ /r/i/d/i/n/g/ /i/t/./","/H/o/w/ /l/o/n/g/ /h/a/s/ /i/t/ /b/e/e/n/ /s/i/n/c/e/ /y/o/u/ /c/a/m/e/ /h/e/r/e/?/ /I/t/ /s/e/e/m/s/ /t/o/ /b/e/ /s/h/o/r/t/,/ /b/u/t/ /I/ /t/h/i/n/k/ /i/t/'/s/ /p/r/e/t/t/y/ /l/o/n/g/./",/(/T/h/e/y/ /w/e/r/e/ /l/o/o/k/i/n/g/ /o/u/t/ /t/h/e/ /w/i/n/d/o/w/ /w/i/t/h/ /n/o/ /w/o/r/d/s/./)/ /R/a/i/n/ /w/a/s/ /p/o/u/r/i/n/g/./,/(/T/h/e/y/ /w/e/r/e/ /l/o/o/k/i/n/g/ /o/u/t/ /t/h/e/ /w/i/n/d/o/w/ /w/i/t/h/ /n/o/ /w/o/r/d/s/./)/ /R/a/i/n/ /w/a/s/ /p/o/u/r/i/n/g/./
56,blank,blank,"/A/s/ /t/h/e/ /t/r/u/c/k/ /p/a/s/s/e/d/ /b/y/ /n/e/x/t/ /t/o/ /m/e/,/ /t/h/e/ /r/o/o/m/ /w/a/s/ /s/h/a/k/i/n/g/./ /S/o/ /I/ /t/h/o/u/g/h/t/ /i/t/ /w/a/s/ /a/n/ /e/a/r/t/h/q/u/a/k/e/./","/H/o/n/e/s/t/l/y/,/ /t/h/e/r/e/ /a/r/e/ /s/o/ /m/a/n/y/ /t/h/i/n/g/s/ /I/ /w/a/n/t/ /t/o/ /d/o/./././ /I/ /k/n/o/w/ /t/h/a/t/ /t/h/e/r/e/ /i/s/ /n/o/ /s/u/c/h/ /s/i/n/g/l/e/ /t/h/i/n/g/ /t/o/ /s/a/t/i/s/f/y/ /m/y/ /l/i/f/e/./././","/I/'/m/ /s/t/a/r/v/i/n/g/ /b/u/t/ /a/f/t/e/r/ /t/a/k/i/n/g/ /a/ /n/a/p/,/ /I/ /m/i/g/h/t/ /f/e/e/l/ /l/e/s/s/ /h/u/n/g/r/y/./","/I/'/m/ /s/t/a/r/v/i/n/g/ /b/u/t/ /a/f/t/e/r/ /t/a/k/i/n/g/ /a/ /n/a/p/,/ /I/ /m/i/g/h/t/ /f/e/e/l/ /l/e/s/s/ /h/u/n/g/r/y/./"
57,blank,blank,"/I/ /w/a/n/t/e/d/ /t/o/ /h/a/v/e/ /a/ /b/i/r/d/,/ /b/u/t/ /I/ /d/o/n/'/t/ /w/a/n/t/ /t/o/ /l/o/c/k/ /i/t/ /i/n/ /a/ /c/a/g/e/./ /I/ /d/o/n/'/t/ /l/i/k/e/ /b/e/i/n/g/ /l/o/c/k/e/d/ /u/p/ /e/i/t/h/e/r/./",/I/ /d/i/d/n/'/t/ /w/a/s/h/ /o/f/t/e/n/ /b/e/c/a/u/s/e/ /I/ /w/a/s/ /l/a/z/y/././ /T/h/a/t/'/s/ /b/a/d/./,"/I/f/ /I/ /c/o/u/l/d/ /g/o/ /t/o/ /t/h/e/ /s/a/u/n/a/,/ /I/ /w/a/n/t/ /t/o/ /t/r/y/ /b/o/i/l/e/d/ /e/g/g/s/ /a/n/d/ /a/ /K/o/r/e/a/n/ /r/i/c/e/ /d/r/i/n/k/./","/I/f/ /I/ /c/o/u/l/d/ /g/o/ /t/o/ /t/h/e/ /s/a/u/n/a/,/ /I/ /w/a/n/t/ /t/o/ /t/r/y/ /b/o/i/l/e/d/ /e/g/g/s/ /a/n/d/ /a/ /K/o/r/e/a/n/ /r/i/c/e/ /d/r/i/n/k/./"
58,blank,blank,/T/h/i/s/ /p/l/a/c/e/ /i/s/ /f/u/l/l/ /o/f/ /d/u/s/t/ /a/n/d/ /s/m/e/l/l/ /o/f/ /r/a/i/n/./,/S/o/m/e/t/i/m/e/s/ /I/ /i/m/a/g/i/n/e/ /t/h/a/t/ /I/'/m/ /a/l/r/e/a/d/y/ /f/u/l/l/ /a/f/t/e/r/ /e/a/t/i/n/g/ /s/o/m/e/t/h/i/n/g/ /d/e/l/i/c/i/o/u/s/ /t/o/ /g/e/t/ /r/i/d/ /o/f/ /m/y/ /h/u/n/g/e/r/./,/I/'/v/e/ /b/e/e/n/ /p/r/a/c/t/i/c/i/n/g/ /w/r/i/t/i/n/g/./ /I/‘/m/ /g/e/t/t/i/n/g/ /b/e/t/t/e/r/ /a/t/ /i/t/./,/I/'/v/e/ /b/e/e/n/ /p/r/a/c/t/i/c/i/n/g/ /w/r/i/t/i/n/g/./ /I/‘/m/ /g/e/t/t/i/n/g/ /b/e/t/t/e/r/ /a/t/ /i/t/./
59,blank,blank,/M/u/s/h/r/o/o/m/s/ /g/r/e/w/ /o/n/ /t/h/e/ /c/o/r/n/e/r/ /o/f/ /t/h/e/ /r/o/o/m/./ /I/t/ /d/o/e/s/n/'/t/ /s/e/e/m/ /t/h/a/t/ /I/ /c/a/n/ /e/a/t/ /t/h/e/m/./,/I/ /w/a/n/t/ /t/o/ /g/o/ /t/o/ /f/a/m/o/u/s/ /p/l/a/c/e/s/ /i/n/ /m/y/ /c/o/u/n/t/r/y/ /s/o/m/e/d/a/y/./,"/I/ /a/l/w/a/y/s/ /b/o/u/g/h/t/ /c/u/p/ /n/o/o/d/l/e/s/ /a/t/ /t/h/e/ /c/o/n/v/e/n/i/e/n/c/e/ /s/t/o/r/e/,/ /b/u/t/ /t/h/e/y/ /h/a/d/ /o/t/h/e/r/ /t/h/i/n/g/s/ /a/s/ /w/e/l/l/./","/I/ /a/l/w/a/y/s/ /b/o/u/g/h/t/ /c/u/p/ /n/o/o/d/l/e/s/ /a/t/ /t/h/e/ /c/o/n/v/e/n/i/e/n/c/e/ /s/t/o/r/e/,/ /b/u/t/ /t/h/e/y/ /h/a/d/ /o/t/h/e/r/ /t/h/i/n/g/s/ /a/s/ /w/e/l/l/./"
60,blank,blank,/I/t/ /s/e/e/m/s/ /t/h/a/t/ /t/h/e/r/e/'/s/ /d/u/s/t/ /i/n/ /m/y/ /e/y/e/s/./,"/I/f/ /I/ /g/o/ /o/n/ /a/ /t/r/i/p/ /a/n/d/ /b/u/y/ /a/ /s/o/u/v/e/n/i/r/,/ /I/'/l/l/ /g/i/v/e/ /i/t/ /t/o/ /y/o/u/./",/T/h/e/r/e/ /w/a/s/ /a/ /c/l/a/w/ /m/a/c/h/i/n/e/ /g/a/m/e/ /o/n/ /m/y/ /w/a/y/ /h/o/m/e/./ /B/u/t/ /I/ /s/k/i/p/p/e/d/ /i/t/ /s/i/n/c/e/ /I/ /h/a/d/ /t/o/ /s/a/v/e/ /s/o/m/e/ /m/o/n/e/y/./ /I/ /w/i/l/l/ /t/r/y/ /i/t/ /n/e/x/t/ /t/i/m/e/./,/T/h/e/r/e/ /w/a/s/ /a/ /c/l/a/w/ /m/a/c/h/i/n/e/ /g/a/m/e/ /o/n/ /m/y/ /w/a/y/ /h/o/m/e/./ /B/u/t/ /I/ /s/k/i/p/p/e/d/ /i/t/ /s/i/n/c/e/ /I/ /h/a/d/ /t/o/ /s/a/v/e/ /s/o/m/e/ /m/o/n/e/y/./ /I/ /w/i/l/l/ /t/r/y/ /i/t/ /n/e/x/t/ /t/i/m/e/./
61,blank,blank,/T/h/e/r/e/'/s/ /a/ /h/o/l/e/ /i/n/ /m/y/ /f/a/v/o/r/i/t/e/ /c/l/o/t/h/e/s/./ /N/e/v/e/r/ /m/i/n/d/./././,/I/'/v/e/ /b/e/e/n/ /p/r/a/c/t/i/c/i/n/g/ /m/y/ /w/r/i/t/i/n/g/ /r/e/c/e/n/t/l/y/ /b/e/c/a/u/s/e/ /I/ /h/a/v/e/ /b/a/d/ /h/a/n/d/w/r/i/t/i/n/g/./,"/I/t/'/s/ /b/e/t/t/e/r/ /t/o/ /h/a/v/e/ /w/i/n/d/o/w/s/ /f/i/x/e/d/./ /D/o/ /y/o/u/ /r/e/m/e/m/b/e/r/ /w/h/e/n/ /t/h/e/ /w/i/n/d/o/w/s/ /c/r/a/s/h/e/d/?/ /T/h/i/n/k/i/n/g/ /o/f/ /t/h/a/t/ /m/a/k/e/s/ /m/e/ /e/m/b/a/r/r/a/s/s/e/d/,/","/I/t/'/s/ /b/e/t/t/e/r/ /t/o/ /h/a/v/e/ /w/i/n/d/o/w/s/ /f/i/x/e/d/./ /D/o/ /y/o/u/ /r/e/m/e/m/b/e/r/ /w/h/e/n/ /t/h/e/ /w/i/n/d/o/w/s/ /c/r/a/s/h/e/d/?/ /T/h/i/n/k/i/n/g/ /o/f/ /t/h/a/t/ /m/a/k/e/s/ /m/e/ /e/m/b/a/r/r/a/s/s/e/d/,/"
62,blank,blank,/I/ /a/l/w/a/y/s/ /c/o/u/l/d/n/'/t/ /f/i/n/d/ /w/h/a/t/ /I/ /n/e/e/d/e/d/./,/I/'/m/ /t/r/y/i/n/g/ /n/o/t/ /t/o/ /e/a/t/ /i/n/s/t/a/n/t/ /n/o/o/d/l/e/ /o/f/t/e/n/ /t/h/e/s/e/ /d/a/y/s/./,/T/h/e/r/e/ /a/r/e/ /t/i/m/e/s/ /w/h/e/n/ /I/ /r/e/a/d/ /a/n/d/ /i/m/a/g/i/n/e/ /a/ /l/o/t/./ /W/o/n/d/e/r/i/n/g/ /i/n/ /m/y/ /i/m/a/g/i/n/a/r/y/ /w/o/r/l/d/ /i/s/ /g/o/o/d/./,/T/h/e/r/e/ /a/r/e/ /t/i/m/e/s/ /w/h/e/n/ /I/ /r/e/a/d/ /a/n/d/ /i/m/a/g/i/n/e/ /a/ /l/o/t/./ /W/o/n/d/e/r/i/n/g/ /i/n/ /m/y/ /i/m/a/g/i/n/a/r/y/ /w/o/r/l/d/ /i/s/ /g/o/o/d/./
63,blank,blank,"/W/h/e/n/ /I/ /w/a/s/ /c/h/i/l/d/,/ /t/h/e/ /s/u/n/ /w/a/s/ /s/h/i/n/i/n/g/ /b/r/i/g/h/t/l/y/,/ /b/u/t/ /I/ /r/e/m/e/m/b/e/r/ /i/t/ /r/a/i/n/e/d/ /a/ /l/o/t/ /a/f/t/e/r/ /t/h/e/ /s/u/n/s/h/i/n/e/./ /I/t/ /w/a/s/ /s/o/ /f/a/s/c/i/n/a/t/i/n/g/./",/I/ /c/a/n/'/t/ /r/e/m/e/m/b/e/r/ /w/h/e/r/e/ /I/ /p/u/t/ /t/h/e/ /t/i/s/s/u/e/./ /H/m/m/./././,/F/e/e/l/s/ /l/i/k/e/ /d/r/i/n/k/i/n/g/ /a/ /c/u/p/ /o/f/ /c/o/f/f/e/e/ /o/r/ /h/o/t/ /c/h/o/c/o/l/a/t/e/./,/F/e/e/l/s/ /l/i/k/e/ /d/r/i/n/k/i/n/g/ /a/ /c/u/p/ /o/f/ /c/o/f/f/e/e/ /o/r/ /h/o/t/ /c/h/o/c/o/l/a/t/e/./
64,blank,blank,"/W/h/e/n/ /I/ /w/a/s/ /5/ /y/e/a/r/s/ /o/l/d/,/ /I/ /h/i/t/ /m/y/ /f/i/n/g/e/r/ /o/n/ /t/h/e/ /d/o/o/r/./ /I/ /c/r/i/e/d/,/ /b/u/t/ /n/o/ /o/n/e/ /h/e/l/p/e/d/ /m/e/./",/N/o/w/ /I/ /d/o/n/'/t/ /g/e/t/ /s/c/a/r/e/d/ /w/h/e/n/ /I/ /s/e/e/ /b/u/g/s/./ /I/ /g/u/e/s/s/ /I/ /g/o/t/ /u/s/e/d/ /t/o/ /i/t/./,"/E/v/e/n/ /i/f/ /y/o/u/ /a/r/e/ /s/t/a/r/v/i/n/g/,/ /i/t/'/s/ /b/e/t/t/e/r/ /n/o/t/ /t/o/ /e/a/t/ /i/n/ /o/v/e/r/n/i/g/h/t/./ /R/a/t/h/e/r/ /i/t/'/s/ /b/e/t/t/e/r/ /t/o/ /s/l/e/e/p/ /t/h/r/o/u/g/h/ /i/t/./","/E/v/e/n/ /i/f/ /y/o/u/ /a/r/e/ /s/t/a/r/v/i/n/g/,/ /i/t/'/s/ /b/e/t/t/e/r/ /n/o/t/ /t/o/ /e/a/t/ /i/n/ /o/v/e/r/n/i/g/h/t/./ /R/a/t/h/e/r/ /i/t/'/s/ /b/e/t/t/e/r/ /t/o/ /s/l/e/e/p/ /t/h/r/o/u/g/h/ /i/t/./"
65,blank,blank,/I/t/'/s/ /g/o/o/d/ /t/o/ /r/e/a/d/ /n/e/w/ /b/o/o/k/s/./,/I/ /t/h/i/n/k/ /i/t/'/s/ /b/e/e/n/ /a/ /w/h/i/l/e/ /s/i/n/c/e/ /I/'/v/e/ /t/r/i/m/m/e/d/ /m/y/ /n/a/i/l/s/./ /I/ /n/e/e/d/ /t/o/ /t/r/i/m/ /i/t/ /a/ /b/i/t/./,/H/a/v/i/n/g/ /a/ /h/o/t/ /s/h/o/w/e/r/ /m/a/k/e/s/ /m/e/ /f/e/e/l/ /b/e/t/t/e/r/./,/H/a/v/i/n/g/ /a/ /h/o/t/ /s/h/o/w/e/r/ /m/a/k/e/s/ /m/e/ /f/e/e/l/ /b/e/t/t/e/r/./
66,blank,blank,/I/ /w/i/s/h/ /I/ /c/o/u/l/d/ /d/r/y/ /m/y/ /c/l/o/t/h/e/s/ /u/n/d/e/r/ /t/h/e/ /s/u/n/./,/I/ /r/e/c/e/n/t/l/y/ /g/o/t/ /a/ /c/a/l/l/ /t/o/ /s/a/y/ /h/e/l/l/o/./ /I/ /s/a/i/d/ /I/ /w/a/s/ /d/o/i/n/g/ /w/e/l/l/./,/I/t/'/s/ /b/e/e/n/ /a/ /w/h/i/l/e/ /s/i/n/c/e/ /I/ /l/e/f/t/ /m/y/ /h/o/m/e/./ /P/u/b/l/i/c/ /t/r/a/n/s/p/o/r/t/a/t/i/o/n/s/ /a/r/e/ /g/e/t/t/i/n/g/ /b/e/t/t/e/r/./,/I/t/'/s/ /b/e/e/n/ /a/ /w/h/i/l/e/ /s/i/n/c/e/ /I/ /l/e/f/t/ /m/y/ /h/o/m/e/./ /P/u/b/l/i/c/ /t/r/a/n/s/p/o/r/t/a/t/i/o/n/s/ /a/r/e/ /g/e/t/t/i/n/g/ /b/e/t/t/e/r/./
67,blank,blank,/S/o/m/e/t/i/m/e/s/ /I/ /h/e/a/r/ /s/o/m/e/ /k/i/n/d/ /o/f/ /r/u/s/t/l/i/n/g/ /s/o/u/n/d/ /f/r/o/m/ /t/h/e/ /c/e/i/l/i/n/g/./,/I/ /w/a/n/t/ /a/ /b/i/g/ /a/n/d/ /f/l/u/f/f/y/ /d/o/l/l/./ /I/ /c/a/n/ /h/u/g/ /i/t/ /w/h/e/n/ /I/ /s/l/e/e/p/./,/I/ /f/e/e/l/ /l/i/k/e/ /s/i/n/g/i/n/g/./ /T/h/e/ /s/o/u/n/d/ /w/o/u/l/d/n/'/t/ /b/e/ /h/e/a/r/d/ /f/r/o/m/ /t/h/e/ /r/a/i/n/./,/L/o/o/k/i/n/g/ /a/t/ /a/ /s/m/a/r/t/p/h/o/n/e/ /f/o/r/ /a/ /l/o/n/g/ /t/i/m/e/ /w/o/u/l/d/ /n/o/t/ /b/e/ /g/o/o/d/ /f/o/r/ /m/y/ /e/y/e/s/./ /T/a/k/i/n/g/ /s/o/m/e/ /r/e/s/t/ /w/o/u/l/d/ /b/e/ /b/e/t/t/e/r/./
68,blank,blank,"/I/t/'/s/ /s/m/a/l/l/,/ /b/u/t/ /i/t/'/s/ /n/i/c/e/ /t/o/ /h/a/v/e/ /m/y/ /o/w/n/ /r/o/o/m/./","/W/h/e/n/ /I/ /w/a/s/ /c/h/i/l/d/,/ /I/ /l/i/k/e/d/ /s/n/o/w/ /w/h/e/n/ /i/t/ /p/i/l/e/d/ /u/p/ /a/s/ /m/u/c/h/ /a/s/ /m/y/ /k/n/e/e/s/./ /I/t/ /w/a/s/ /f/u/n/ /t/o/ /p/l/a/y/ /a/l/o/n/e/./","/(/T/h/e/y/ /w/e/r/e/ /l/o/o/k/i/n/g/ /a/t/ /t/h/e/ /c/e/i/l/i/n/g/,/ /a/n/d/ /w/h/e/n/ /f/o/l/l/o/w/i/n/g/ /t/h/e/ /s/i/g/h/t/,/ /I/ /f/o/u/n/d/ /a/ /w/e/b/./)/",/W/a/l/k/i/n/g/ /a/r/o/u/n/d/ /t/o/o/ /m/u/c/h/ /m/a/k/e/s/ /m/y/ /f/e/e/t/ /h/u/r/t/./ /S/o/m/e/t/i/m/e/s/ /m/y/ /s/k/i/n/ /g/e/t/s/ /g/r/a/z/e/d/ /a/n/d/ /t/h/a/t/ /m/a/k/e/s/ /m/y/ /f/e/e/t/ /h/u/r/t/./
69,blank,blank,/I/ /w/a/n/t/ /t/o/ /e/a/t/ /f/r/e/s/h/l/y/ /b/a/k/e/d/ /b/r/e/a/d/./ /I/ /h/a/v/e/n/'/t/ /e/a/t/e/n/ /i/t/ /f/o/r/ /a/ /l/o/n/g/ /t/i/m/e/./,/I/ /r/e/c/e/n/t/l/y/ /v/i/s/i/t/e/d/ /a/ /c/o/u/n/t/r/y/ /h/o/u/s/e/ /a/n/d/ /i/t/ /w/a/s/ /f/u/l/l/ /o/f/ /g/r/a/s/s/ /t/h/a/t/ /w/a/s/ /v/e/r/y/ /s/m/a/l/l/./,/I/ /w/a/s/ /t/r/y/i/n/g/ /t/o/ /c/o/o/k/ /b/u/t/ /I/ /g/o/t/ /h/u/r/t/./ /I/ /w/a/n/t/ /t/o/ /b/e/ /g/o/o/d/ /a/t/ /c/o/o/k/i/n/g/ /s/o/o/n/./,"/F/o/o/t/ /i/s/ /k/n/o/w/n/ /a/s/ /t/h/e/ /h/e/a/r/t/./ /I/f/ /y/o/u/ /m/a/s/s/a/g/e/ /i/t/ /w/e/l/l/,/ /i/t/'/s/ /g/o/o/d/ /f/o/r/ /t/h/e/ /h/e/a/l/t/h/./"
70,blank,blank,"/I/ /b/e/l/i/e/v/e/d/ /i/n/ /S/a/n/t/a/ /C/l/a/u/s/ /w/h/e/n/ /I/ /w/a/s/ /c/h/i/l/d/./ /B/u/t/ /n/o/w/,/ /h/m/m/./././",/I/'/m/ /a/f/r/a/i/d/ /t/o/ /g/o/ /t/o/ /a/ /h/o/s/p/i/t/a/l/./ /I/t/ /w/i/l/l/ /b/e/ /s/c/a/r/y/ /a/s/ /a/l/w/a/y/s/./,/I/ /w/a/s/ /d/r/e/a/m/i/n/g/ /o/f/ /f/l/y/i/n/g/./ /T/h/e/n/ /I/ /c/o/u/l/d/ /g/o/ /a/b/o/v/e/ /t/h/e/ /c/l/o/u/d/s/ /a/n/d/ /s/e/e/ /t/h/e/ /s/u/n/l/i/g/h/t/./,"/I/f/ /I/ /c/a/n/'/t/ /t/r/u/s/t/ /a/ /p/e/r/s/o/n/,/ /I/ /c/a/n/'/t/ /g/e/t/ /t/h/e/ /t/r/u/s/t/ /f/r/o/m/ /t/h/e/ /o/n/e/./"
71,blank,blank,/I/ /a/t/e/ /d/e/l/i/c/i/o/u/s/ /f/o/o/d/ /i/n/ /m/y/ /d/r/e/a/m/./ /I/ /w/i/s/h/ /I/ /h/a/d/ /e/a/t/e/n/ /e/v/e/r/y/t/h/i/n/g/ /a/n/d/ /w/o/k/e/ /u/p/./././,/M/y/ /m/o/t/h/e/r/ /a/l/w/a/y/s/ /p/a/t/t/e/d/ /m/e/ /o/n/ /t/h/e/ /b/a/c/k/ /w/h/e/n/ /I/ /w/o/k/e/ /u/p/ /f/r/o/m/ /a/ /n/i/g/h/t/m/a/r/e/./,/I/ /w/a/s/ /c/l/e/a/n/i/n/g/ /t/h/e/ /t/o/i/l/e/t/./ /I/t/ /w/a/s/ /t/i/r/i/n/g/ /b/u/t/ /f/e/l/t/ /g/o/o/d/ /w/h/e/n/ /i/t/ /w/a/s/ /c/l/e/a/n/./,/I/t/'/s/ /b/e/t/t/e/r/ /t/o/ /e/x/p/r/e/s/s/ /t/h/r/o/u/g/h/ /w/o/r/d/s/ /b/y/ /w/r/i/t/i/n/g/ /o/r/ /s/p/e/a/k/i/n/g/ /t/h/a/n/ /n/o/n/e/./
72,blank,blank,"/E/v/e/n/ /i/f/ /t/h/e/r/e/'/s/ /a/ /l/o/t/ /o/f/ /r/a/i/n/w/a/t/e/r/,/ /I/ /c/a/n/'/t/ /d/r/i/n/k/ /i/t/./","/I/ /o/p/e/n/e/d/ /t/h/e/ /w/i/n/d/o/w/s/ /f/o/r/ /v/e/n/t/i/l/a/t/i/o/n/,/ /s/o/ /I/ /t/h/i/n/k/ /t/h/e/ /d/u/s/t/ /h/a/s/ /d/e/c/r/e/a/s/e/d/./",/I/ /w/a/n/t/ /t/o/ /d/r/i/n/k/ /s/o/m/e/ /j/u/i/c/e/./ /I/t/ /w/o/u/l/d/ /b/e/ /f/r/e/s/h/ /a/n/d/ /s/w/e/e/t/./,"/W/h/e/n/ /g/o/i/n/g/ /u/p/ /o/r/ /d/o/w/n/ /t/h/e/ /s/t/a/i/r/s/,/ /m/y/ /k/n/e/e/ /h/u/r/t/s/./"
73,blank,blank,"/(/A/s/ /i/f/ /t/h/e/y/ /a/r/e/ /t/h/i/n/k/i/n/g/ /a/b/o/u/t/ /s/o/m/e/t/h/i/n/g/,/ /t/h/e/y/ /h/a/v/e/ /b/e/e/n/ /l/o/o/k/i/n/g/ /o/u/t/ /t/h/e/ /w/i/n/d/o/w/ /f/o/r/ /a/ /l/o/n/g/ /t/i/m/e/./)/","/W/h/e/n/ /I/ /w/a/s/ /c/h/i/l/d/,/ /t/h/e/ /c/o/u/n/t/r/y/ /h/o/u/s/e/ /w/a/s/ /r/e/a/l/l/y/ /s/p/a/c/i/o/u/s/./ /I/ /w/a/l/k/e/d/ /a/r/o/u/n/d/ /w/i/t/h/ /t/h/a/t/ /l/i/t/t/l/e/ /b/o/d/y/./",/I/ /b/o/t/h/ /l/i/k/e/ /c/h/o/c/o/l/a/t/e/ /a/n/d/ /c/a/n/d/y/./ /T/h/e/y/ /a/r/e/ /s/w/e/e/t/./ /I/ /f/e/e/l/ /m/u/c/h/ /b/e/t/t/e/r/ /w/h/e/n/ /e/a/t/i/n/g/ /o/n/e/ /o/f/ /t/h/e/m/./,"/I/ /d/o/n/'/t/ /h/a/v/e/ /s/t/r/e/n/g/t/h/ /f/r/o/m/ /m/y/ /l/e/g/s/ /s/o/ /i/f/ /I/ /w/a/l/k/ /t/o/o/ /m/u/c/h/,/ /m/y/ /l/e/g/s/ /h/u/r/t/./"
74,blank,blank,"/W/h/e/n/ /I/ /w/a/s/ /a/ /k/i/d/,/ /w/h/e/n/e/v/e/r/ /t/h/e/r/e/ /w/a/s/ /t/h/u/n/d/e/r/,/ /I/ /h/i/d/ /m/y/s/e/l/f/ /u/n/d/e/r/ /t/h/e/ /b/l/a/n/k/e/t/ /a/n/d/ /w/a/n/t/e/d/ /i/t/ /t/o/ /p/a/s/s/ /q/u/i/c/k/l/y/./","/I/ /u/s/e/d/ /t/o/ /t/h/i/n/k/ /a/b/o/u/t/ /w/h/e/n/ /w/o/u/l/d/ /t/i/m/e/ /g/o/,/ /b/u/t/ /t/h/e/s/e/ /d/a/y/s/,/ /i/t/ /s/e/e/m/s/ /t/i/m/e/ /f/l/i/e/s/./",/I/ /w/a/n/t/ /t/o/ /d/i/p/ /a/ /p/i/e/c/e/ /o/f/ /b/r/e/a/d/ /i/n/ /s/o/u/p/./ /I/ /w/a/n/t/ /t/o/ /e/a/t/ /t/h/e/m/./,/F/i/n/d/i/n/g/ /a/ /l/i/f/e/ /o/f/ /h/a/p/p/i/n/e/s/s/ /i/s/ /h/a/r/d/./
75,blank,blank,"/A/t/ /i/m/p/o/r/t/a/n/t/ /m/o/m/e/n/t/s/,/ /I/ /d/o/n/'/t/ /s/e/e/m/ /t/o/ /t/h/i/n/k/ /o/f/ /a/n/y/t/h/i/n/g/ /t/o/ /s/a/y/./",/*/C/o/u/g/h/*/ /D/u/s/t/ /k/e/e/p/s/ /g/o/i/n/g/ /i/n/t/o/ /m/y/ /t/h/r/o/a/t/./ /I/ /n/e/e/d/ /t/o/ /o/p/e/n/ /t/h/e/ /w/i/n/d/o/w/ /f/o/r/ /f/r/e/s/h/ /a/i/r/./,/I/t/'/s/ /g/o/o/d/ /t/o/ /r/e/a/d/ /d/i/f/f/e/r/e/n/t/ /k/i/n/d/s/ /o/f/ /b/o/o/k/s/./ /I/ /w/o/n/d/e/r/ /w/h/a/t/ /o/t/h/e/r/ /k/i/n/d/s/ /o/f/ /b/o/o/k/s/ /a/r/e/ /t/h/e/r/e/ /i/n/ /t/h/e/ /w/o/r/l/d/./,"/S/i/n/c/e/ /l/i/f/e/ /i/s/ /o/n/c/e/,/ /i/t/'/s/ /v/a/l/u/a/b/l/e/./"
76,blank,blank,/I/ /f/e/l/l/ /o/f/f/ /f/r/o/m/ /p/l/a/y/g/r/o/u/n/d/ /s/l/i/d/e/ /o/n/c/e/./ /I/ /f/e/l/l/ /o/n/ /m/y/ /b/a/c/k/ /a/n/d/ /I/ /c/o/u/l/d/n/'/t/ /b/r/e/a/t/h/e/./,/T/h/e/ /s/t/i/c/k/e/r/ /I/ /p/u/t/ /o/n/ /t/h/e/ /w/i/n/d/o/w/ /l/a/s/t/ /t/i/m/e/ /w/a/s/ /c/u/t/e/./ /I/'/m/ /t/h/i/n/k/i/n/g/ /a/b/o/u/t/ /b/u/y/i/n/g/ /i/t/ /a/g/a/i/n/ /l/a/t/e/r/./,/I/ /c/a/n/ /w/r/i/t/e/ /t/h/i/n/g/s/ /o/n/ /t/h/e/ /m/e/m/o/ /i/f/ /I/ /h/a/v/e/ /t/h/e/m/./ /T/h/e/n/ /I/ /c/o/u/l/d/ /s/t/i/c/k/ /t/h/e/m/ /t/o/ /p/l/a/c/e/s/ /t/o/ /s/e/e/ /i/t/./,/T/h/e/r/e/ /i/s/ /a/ /l/o/t/ /o/f/ /g/o/o/d/ /m/u/s/i/c/ /o/u/t/ /t/h/e/r/e/./
77,blank,blank,/T/h/e/ /p/r/e/s/e/n/t/ /i/s/ /c/a/l/l/e/d/ /p/r/e/s/e/n/t/ /i/n/ /E/n/g/l/i/s/h/./ /I/s/ /i/t/ /a/ /g/i/f/t/ /f/r/o/m/ /t/h/e/ /p/a/s/t/?/,"/T/h/e/ /w/i/n/d/o/w/s/ /s/h/o/o/k/ /b/y/ /t/h/e/ /w/i/n/d/,/ /b/u/t/ /i/t/'/s/ /n/o/t/ /a/s/ /s/c/a/r/y/ /a/s/ /i/t/ /u/s/e/d/ /t/o/ /b/e/./","/I/f/ /I/'/m/ /s/l/e/e/p/y/,/ /I/ /c/o/u/l/d/ /s/l/e/e/p/./ /S/l/e/e/p/i/n/g/ /i/s/ /n/e/e/d/e/d/ /f/o/r/ /l/i/f/e/.",/T/h/e/r/e/ /a/r/e/ /t/i/m/e/s/ /w/h/e/n/ /w/e/ /a/r/e/ /w/i/t/h/ /o/t/h/e/r/s/ /a/n/d/ /t/i/m/e/s/ /w/h/e/n/ /w/e/ /a/r/e/ /a/l/o/n/e/ /i/n/ /l/i/f/e/./
78,blank,blank,/W/h/a/t/ /k/i/n/d/ /o/f/ /s/o/u/n/d/ /d/o/e/s/ /a/ /t/u/r/t/l/e/ /m/a/k/e/?/,/W/a/i/t/i/n/g/ /i/s/ /e/x/h/a/u/s/t/i/n/g/./ /I/t/'/s/ /t/h/e/ /s/a/m/e/ /f/o/r/ /m/e/ /a/n/d/ /f/o/r/ /t/h/e/ /o/t/h/e/r/ /p/e/r/s/o/n/./,"9/W/h/i/c/h/ /o/n/e/ /i/s/ /y/o/u/r/ /f/a/v/o/r/i/t/e/?/ /C/a/n/d/y/ /o/r/ /c/h/o/c/o/l/a/t/e/?/8/ /C/a/n/d/y/ / / / / / /7/ /C/h/o/c/o/l/a/t/e/ / /+/C/a/n/d/i/e/s/ /c/a/n/ /b/e/ /m/e/l/t/e/d/ /o/r/ /b/i/t/t/e/n/ /a/n/d/ /e/a/t/e/n/ /r/i/g/h/t/ /a/w/a/y/./ /I/ /c/a/n/ /e/a/t/ /i/t/ /i/n/ /v/a/r/i/o/u/s/ /w/a/y/s/./-/ /*/I/f/ /I/ /m/e/l/t/ /c/h/o/c/o/l/a/t/e/ /i/n/ /m/y/ /m/o/u/t/h/,/ /i/t/ /w/o/u/l/d/ /w/a/r/m/ /m/y/ /b/o/d/y/ /i/n/ /t/h/i/s/ /w/e/a/t/h/e/r/./=/","/W/h/e/n/ /I/'/m/ /s/t/a/r/v/i/n/g/,/ /m/y/ /s/t/o/m/a/c/h/ /r/u/m/b/l/e/s/./"
79,blank,blank,/W/h/e/n/ /r/a/i/n/ /c/o/m/e/s/ /w/h/i/l/e/ /t/h/e/ /s/u/n/ /i/s/ /u/p/ /i/t/ /i/s/ /c/a/l/l/e/d/ /s/u/n/ /s/h/o/w/e/r/./ /I/ /d/o/n/'/t/ /t/h/i/n/k/ /I/'/v/e/ /s/e/e/n/ /i/t/ /t/h/e/s/e/ /d/a/y/s/./,"9/D/o/ /y/o/u/ /u/s/u/a/l/l/y/ /e/a/t/ /a/l/o/n/e/?/8/ /Y/e/s/ / / / / / / / /7/ /N/o/ / / / / / / / / /+/M/e/,/ /t/o/o/-/ /*/I/t/'/s/ /g/o/o/d/ /t/o/ /e/a/t/ /w/h/e/n/ /w/e/ /a/r/e/ /w/i/t/h/ /o/t/h/e/r/s/./=/","9/D/i/d/ /y/o/u/ /s/e/e/ /t/h/e/ /b/i/r/d/ /f/l/y/ /a/w/a/y/?/8/ /I/ /s/a/w/ /i/t/ / / /7/ /I/ /d/o/n/'/t/ / / / /+/D/o/e/s/ /i/t/ /m/e/a/n/ /t/h/a/t/ /t/h/e/ /r/a/i/n/ /i/s/ /l/e/s/s/ /c/o/m/i/n/g/?/ /I/'/m/ /n/o/t/ /s/u/r/e/ /o/f/ /i/t/./-/ /*/D/i/d/ /I/ /s/e/e/ /i/t/ /w/r/o/n/g/?/ /I/f/ /I/ /s/a/w/ /a/ /b/i/r/d/,/ /I/ /t/h/i/n/k/ /i/t/ /m/i/g/h/t/ /r/a/i/n/ /a/ /l/i/t/t/l/e/./=/",/W/e/ /n/e/e/d/ /t/o/ /b/e/ /l/o/n/e/l/y/ /s/o/m/e/t/i/m/e/s/./ /T/h/e/ /t/i/m/e/ /d/i/f/f/e/r/s/ /f/o/r/ /e/a/c/h/ /p/e/r/s/o/n/./
80,blank,blank,"/H/o/n/e/s/t/l/y/,/ /e/v/e/n/ /i/f/ /I/'/m/ /s/i/c/k/,/ /i/f/ /I/ /d/o/n/'/t/ /h/a/v/e/ /s/o/m/e/o/n/e/ /t/o/ /l/o/o/k/ /a/f/t/e/r/ /m/e/ /./././I/ /h/o/n/e/s/t/l/y/ /t/h/i/n/k/ /i/t/'/s/ /a/ /b/i/t/ /s/a/d/./",9/H/o/w/ /i/s/ /y/o/u/r/ /f/a/m/i/l/y/ /d/o/i/n/g/?/8/ /G/o/o/d/ / / / / / / /7/ /N/o/t/ /g/o/o/d/ / / /+/I/'/m/ /g/l/a/d/ /t/o/ /h/e/a/r/ /t/h/a/t/./-/ /*/I/'/m/ /s/o/r/r/y/ /t/o/ /h/e/a/r/ /t/h/a/t/./././=/,"9/T/h/e/r/e/'/s/ /a/ /v/a/l/l/e/y/ /I/'/v/e/ /e/v/e/r/ /v/i/s/i/t/,/ /a/n/d/ /i/t/ /w/a/s/ /r/e/a/l/l/y/ /c/l/e/a/n/ /a/n/d/ /n/i/c/e/./ /W/h/e/n/ /t/h/e/ /r/a/i/n/ /s/t/o/p/s/,/ /w/h/y/ /d/o/n/'/t/ /w/e/ /g/o/ /t/o/g/e/t/h/e/r/?/8/ /G/r/e/a/t/ / / / / / /7/ /N/o/ /t/h/a/n/k/s/ / /+/I/t/'/l/l/ /b/e/ /f/u/n/./ /W/e/ /c/a/n/ /h/a/v/e/ /a/ /g/o/o/d/ /t/i/m/e/,/ /g/o/ /f/i/s/h/i/n/g/ /a/n/d/ /h/a/v/e/ /s/o/m/e/ /d/e/l/i/c/i/o/u/s/ /f/o/o/d/./-/ /*/Y/o/u/ /d/o/n/'/t/ /s/e/e/m/ /t/o/ /l/i/k/e/ /v/a/l/l/e/y/./ /I/t/'/s/ /a/l/s/o/ /g/o/o/d/ /t/o/ /s/t/a/y/ /a/t/ /h/o/m/e/./=/","/W/h/e/n/ /r/e/a/d/i/n/g/ /b/o/o/k/s/,/ /w/e/ /g/a/i/n/ /k/n/o/w/l/e/d/g/e/./"
81,blank,blank,9/I/s/ /t/h/e/r/e/ /s/o/m/e/t/h/i/n/g/ /o/u/t/s/i/d/e/?/8/ /N/o/t/h/i/n/g/ / / / /7/ /H/o/p/e/ / / / / / / /+/I/t/ /s/e/e/m/s/ /t/h/e/y/ /a/r/e/ /l/i/k/e/ /m/e/./ /h/m/m/././-/ /*/T/h/a/t/ /c/a/n/'/t/ /b/e/ /t/r/u/e/./ /F/u/n/n/y/./=/,9/I/'/m/ /h/u/n/g/r/y/./ /W/h/a/t/ /s/h/o/u/l/d/ /I/ /h/a/v/e/?/ /8/ /R/i/c/e/ / / / / / / /7/ /N/o/o/d/l/e/ / / / / /+/B/u/t/ /I/'/m/ /t/o/o/ /l/a/z/y/ /t/o/ /m/a/k/e/ /i/t/./ /I/ /j/u/s/t/ /w/a/n/t/ /t/o/ /e/a/t/ /i/n/s/t/a/n/t/ /n/o/o/d/l/e/./-/ /*/I/'/m/ /f/e/d/ /u/p/ /w/i/t/h/ /i/t/./ /I/ /j/u/s/t/ /w/a/n/t/ /t/o/ /e/a/t/ /r/i/c/e/./=/,"9/A/s/ /I/ /a/s/k/e/d/ /y/o/u/ /b/e/f/o/r/e/,/ /d/o/ /y/o/u/ /l/i/k/e/ /t/a/l/k/i/n/g/ /w/i/t/h/ /m/e/?/8/ /Y/e/s/ / / / / / / / /7/ /N/o/ / / / / / / / / /+/(/T/h/e/y/ /t/u/r/n/e/d/ /a/n/d/ /l/o/o/k/e/d/ /a/t/ /m/e/./)/ /M/e/,/ /t/o/o/./ /I/t/'/s/ /h/a/r/d/ /t/o/ /s/p/e/a/k/ /u/p/./././-/ /*/Y/o/u/ /m/a/y/ /n/o/t/ /l/i/k/e/ /s/o/m/e/ /a/s/p/e/c/t/s/ /o/f/ /m/e/./ /B/u/t/ /c/o/m/i/n/g/ /t/o/ /m/e/e/t/ /m/e/ /o/f/t/e/n/ /m/e/a/n/s/ /y/o/u/ /d/o/n/'/t/ /h/a/t/e/ /m/e/./=/","/I/ /u/s/u/a/l/l/y/ /r/e/a/d/ /b/o/o/k/s/ /w/h/e/n/ /I/'/m/ /a/l/o/n/e/,/ /s/o/ /I/ /c/a/n/ /c/o/n/c/e/n/t/r/a/t/e/ /w/e/l/l/./"
82,blank,blank,"9/D/o/ /y/o/u/ /h/a/v/e/ /a/n/ /u/m/b/r/e/l/l/a/?/8/ /N/o/ / / / / / / / / /7/ /Y/e/s/ / / / / / / / /+/I/ /o/n/l/y/ /h/a/v/e/ /o/n/e/,/ /b/u/t/ /t/a/k/e/ /m/i/n/e/./-/ /*/I/'/m/ /g/l/a/d/ /y/o/u/ /b/r/o/u/g/h/t/ /i/t/./ /Y/o/u/'/r/e/ /p/r/e/p/a/r/e/d/./=/","9/H/a/v/e/ /y/o/u/ /e/v/e/r/ /t/r/a/v/e/l/e/d/ /t/o/ /o/t/h/e/r/ /p/l/a/c/e/s/?/8/ /S/u/r/e/ / / / / / / /7/ /N/o/w/h/e/r/e/ / / / /+/Y/o/u/ /m/u/s/t/ /h/a/v/e/ /h/a/d/ /a/ /g/o/o/d/ /t/i/m/e/ /l/o/o/k/i/n/g/ /a/r/o/u/n/d/,/ /h/a/v/i/n/g/ /d/e/l/i/c/i/o/u/s/ /f/o/o/d/,/ /a/n/d/ /b/u/y/i/n/g/ /s/o/u/v/e/n/i/r/s/./-/ /*/I/ /b/e/l/i/e/v/e/ /t/h/a/t/ /s/o/m/e/d/a/y/ /w/e/ /c/a/n/ /g/o/ /e/v/e/r/y/w/h/e/r/e/ /w/e/ /w/a/n/t/./=/","9/D/o/ /y/o/u/ /b/e/l/i/e/v/e/ /y/o/u/r/ /l/i/f/e/ /w/i/l/l/ /g/e/t/ /b/e/t/t/e/r/?/8/ /Y/e/s/ / / / / / / / /7/ /D/e/f/i/n/i/t/e/l/y/ /+/M/e/,/ /t/o/o/./ /A/s/ /t/h/e/ /r/a/i/n/ /s/t/o/p/s/ /a/n/d/ /t/h/e/ /s/u/n/ /s/h/i/n/e/s/,/ /o/u/r/ /l/i/f/e/ /w/i/l/l/ /b/e/ /b/r/i/g/h/t/ /a/s/ /w/e/l/l/./-/ /*/R/i/g/h/t/./ /I/f/ /y/o/u/ /w/a/i/t/ /a/n/d/ /p/e/r/s/e/v/e/r/e/,/ /i/t/ /g/e/t/s/ /b/e/t/t/e/r/./=/","/W/h/e/n/ /I/'/m/ /o/u/t/,/ /i/t/'/s/ /c/o/o/l/ /a/n/d/ /w/h/e/n/ /I/'/m/ /i/n/,/ /I/ /f/e/e/l/ /c/o/z/y/./"
83,blank,blank,"9/D/o/ /y/o/u/ /k/n/o/w/ /w/h/a/t/ /h/a/p/p/i/n/e/s/s/ /i/s/?/8/ /Y/e/s/,/ /I/ /k/n/o/w/7/ /N/o/,/ /I/ /d/o/n/'/t/+/T/e/l/l/ /m/e/ /a/b/o/u/t/ /i/t/ /o/n/e/ /d/a/y/./ /I/ /j/u/s/t/ /w/o/n/d/e/r/ /w/h/a/t/ /i/t/ /i/s/./-/ /*/I/ /w/a/n/t/ /t/o/ /k/n/o/w/ /a/b/o/u/t/ /i/t/ /o/n/e/ /d/a/y/./=/","9/W/h/i/c/h/ /o/n/e/ /d/o/ /y/o/u/ /l/i/k/e/ /t/o/ /e/a/t/,/ /w/a/r/m/ /o/r/ /c/o/l/d/?/8/ /W/a/r/m/ / / / / / / /7/ /C/o/l/d/ / / / / / / /+/W/h/e/n/ /I/ /e/a/t/ /w/a/r/m/ /t/h/i/n/g/s/,/ /I/ /l/i/k/e/ /t/o/ /f/e/e/l/ /w/a/r/m/t/h/ /s/p/r/e/a/d/i/n/g/ /t/o/ /m/y/ /b/o/d/y/./ /J/u/s/t/ /w/a/n/t/ /t/o/ /d/r/i/n/k/ /h/o/t/ /c/o/c/o/a/ /w/i/t/h/ /m/a/r/s/h/m/a/l/l/o/w/s/./-/ /*/Y/o/u/ /c/a/n/ /c/o/o/l/ /i/t/ /d/o/w/n/ /w/i/t/h/ /a/ /c/o/l/d/ /t/h/i/n/g/./ /J/u/s/t/ /w/a/n/t/ /t/o/ /t/a/k/e/ /P/a/t/b/i/n/g/s/u/(/I/c/e/ /f/l/a/k/e/s/ /w/i/t/h/ /r/e/d/b/e/a/n/)/ /i/n/ /t/h/e/ /h/o/t/ /s/u/m/m/e/r/./=/","9/H/a/v/e/ /y/o/u/ /e/v/e/r/ /p/u/t/ /r/i/c/e/ /c/a/k/e/ /i/n/ /i/n/s/t/a/n/t/ /n/o/o/d/l/e/?/8/ /Y/e/s/ / / / / / / / /7/ /N/o/ / / / / / / / / /+/I/ /s/o/m/e/t/i/m/e/s/ /d/o/./ /I/t/ /t/a/s/t/e/s/ /b/e/t/t/e/r/ /w/h/e/n/ /r/i/c/e/ /c/a/k/e/ /g/e/t/ /m/u/s/h/y/ /i/n/ /i/n/s/t/a/n/t/ /n/o/o/d/l/e/ /s/o/u/p/./-/ /*/T/h/e/n/ /y/o/u/ /c/a/n/ /p/u/t/ /o/t/h/e/r/ /i/n/g/r/e/d/i/e/n/t/s/ /l/i/k/e/ /e/g/g/,/ /s/c/a/l/l/i/o/n/ /i/n/./=/",/I/ /o/n/c/e/ /m/e/t/ /a/n/ /e/y/e/ /w/i/t/h/ /a/ /p/i/g/e/o/n/ /b/u/t/ /i/t/ /w/a/s/ /a/ /s/e/c/o/n/d/./ /I/t/ /f/l/e/w/ /a/w/a/y/./
84,blank,blank,"9/I/f/ /y/o/u/ /c/a/n/ /c/o/r/r/e/c/t/ /t/h/e/ /m/i/s/t/a/k/e/ /y/o/u/'/v/e/ /d/o/n/e/,/ /w/o/u/l/d/ /y/o/u/ /d/o/ /t/h/a/t/?/ /8/ /O/f/ /c/o/u/r/s/e/ / /7/ /N/e/v/e/r/ / / / / / /+/E/v/e/n/ /i/f/ /I/ /c/o/u/l/d/ /m/a/k/e/ /t/h/e/ /r/i/g/h/t/ /d/e/c/i/s/i/o/n/,/ /w/o/u/l/d/ /i/t/ /b/e/ /b/e/t/t/e/r/ /t/h/a/n/ /t/h/e/ /o/n/e/ /b/e/f/o/r/e/?/ /I/t/'/s/ /d/i/f/f/i/c/u/l/t/././-/ /*/I/ /h/a/v/e/ /t/o/ /t/h/i/n/k/ /a/b/o/u/t/ /i/t/./ /B/u/t/ /t/h/e/ /f/i/r/s/t/ /t/h/i/n/g/ /i/s/ /t/h/a/t/ /i/t/'/s/ /i/m/p/o/s/s/i/b/l/e/ /t/o/ /g/o/ /b/a/c/k/./=/","9/D/o/ /y/o/u/ /p/r/e/f/e/r/ /t/o/ /b/e/ /a/l/o/n/e/ /o/r/ /w/i/t/h/ /a/n/y/o/n/e/?/8/ /A/l/o/n/e/ / / / / / /7/W/i/t/h/ /s/o/m/e/o/n/e/+/I/ /w/a/s/ /w/i/t/h/ /y/o/u/./ /B/u/t/ /n/o/w/a/d/a/y/s/ /I/ /c/h/a/n/g/e/d/ /m/y/ /m/i/n/d/./-/ /*/I/ /t/h/i/n/k/ /w/h/e/n/ /s/o/m/e/o/n/e/ /i/s/ /w/i/t/h/ /m/e/,/ /I/'/m/ /n/o/t/ /s/c/a/r/e/d/ /a/n/y/m/o/r/e/./=/","9/I/t/'/s/ /a/ /n/i/c/e/ /d/a/y/ /t/o/ /m/e/d/i/t/a/t/e/,/ /i/s/n/'/t/ /i/t/?/8/ /R/i/g/h/t/ / / / / / /7/ /W/e/l/l/ / / / / / / /+/S/o/ /d/o/ /y/o/u/ /w/a/n/t/ /t/o/ /j/o/i/n/ /m/e/?/ /W/e/l/l/,/ /I/'/m/ /a/l/r/e/a/d/y/ /d/o/i/n/g/ /i/t/./-/ /*/T/h/e/r/e/ /m/i/g/h/t/ /b/e/ /a/ /g/o/o/d/ /d/a/y/ /t/o/ /m/e/d/i/t/a/t/e/,/ /B/u/t/ /m/a/y/b/e/ /n/o/t/ /t/o/d/a/y/./=","/W/h/e/n/ /s/i/t/t/i/n/g/ /f/o/r/ /a/ /l/o/n/g/ /t/i/m/e/,/ /m/y/ /b/a/c/k/ /a/c/h/e/s/./ /I/t/'/s/ /b/e/t/t/e/r/ /t/o/ /s/t/r/e/t/c/h/ /m/y/ /b/a/c/k/ /a/n/d/ /b/o/d/y/./"
85,blank,blank,9/D/i/d/ /y/o/u/ /s/e/e/ /t/h/e/ /b/u/g/ /p/a/s/s/i/n/g/ /b/y/ /m/y/ /b/o/d/y/?/8/ /Y/e/s/ / / / / / / / /7/ /N/o/ / / / / / / / / /+/O/h/././ /W/h/y/ /d/i/d/n/'/t/ /y/o/u/ /c/a/t/c/h/ /i/t/?/-/ /*/P/l/e/a/s/e/ /c/a/t/c/h/ /i/t/ /n/e/x/t/ /t/i/m/e/./=/,9/H/o/w/ /i/s/ /y/o/u/r/ /f/a/m/i/l/y/ /d/o/i/n/g/?/8/ / /G/o/o/d/ / / / / / /7/ /N/o/t/ /g/o/o/d/ / / /+/I/'/m/ /g/l/a/d/ /t/o/ /h/e/a/r/ /t/h/a/t/-/ /*/I/'/m/ /s/o/r/r/y/ /t/o/ /h/e/a/r/ /t/h/a/t/././=,"9/W/h/i/c/h/ /o/n/e/ /d/o/ /y/o/u/ /l/i/k/e/ /t/o/ /e/a/t/,/ /w/a/r/m/ /o/r/ /c/o/l/d/?/8/ /W/a/r/m/ / / / / / / /7/ /C/o/l/d/ / / / / / / /+/W/h/e/n/ /I/ /e/a/t/ /w/a/r/m/ /t/h/i/n/g/s/,/ /I/ /l/i/k/e/ /t/o/ /f/e/e/l/ /w/a/r/m/t/h/ /s/p/r/e/a/d/i/n/g/ /t/o/ /m/y/ /b/o/d/y/./ /J/u/s/t/ /w/a/n/t/ /t/o/ /d/r/i/n/k/ /h/o/t/ /c/o/c/o/a/ /w/i/t/h/ /m/a/r/s/h/m/a/l/l/o/w/s/./-/ /*/Y/o/u/ /c/a/n/ /c/o/o/l/ /i/t/ /d/o/w/n/ /w/i/t/h/ /a/ /c/o/l/d/ /t/h/i/n/g/./ /J/u/s/t/ /w/a/n/t/ /t/o/ /t/a/k/e/ /P/a/t/b/i/n/g/s/u/(/I/c/e/ /f/l/a/k/e/s/ /w/i/t/h/ /r/e/d/b/e/a/n/)/ /i/n/ /t/h/e/ /h/o/t/ /s/u/m/m/e/r/./=/","/W/h/e/n/ /t/u/r/n/i/n/g/ /t/h/r/o/u/g/h/ /t/h/e/ /p/a/p/e/r/s/,/ /w/e/ /c/a/n/ /c/u/t/ /f/i/n/g/e/r/s/./ /S/o/ /b/e/ /c/a/r/e/f/u/l/./"
86,blank,blank,blank,blank,blank,"/W/h/e/n/ /I/ /f/e/e/l/ /t/h/e/ /h/e/a/r/t/b/e/a/t/,/ /I/ /f/e/e/l/ /a/l/i/v/e/./"
87,blank,blank,blank,blank,blank,"/W/h/e/n/ /I/ /f/e/e/l/ /f/r/u/s/t/r/a/t/e/d/,/ /i/t/'/s/ /b/e/t/t/e/r/ /t/o/ /g/o/ /o/u/t/ /a/n/d/ /f/e/e/l/ /t/h/e/ /b/r/e/e/z/e/,/"
88,blank,blank,blank,blank,blank,"/W/h/e/n/ /m/u/s/c/l/e/s/ /g/e/t/ /s/t/i/f/f/,/ /i/t/'/s/ /b/e/t/t/e/r/ /t/o/ /m/a/k/e/ /i/t/ /l/o/o/s/e/./"
89,blank,blank,blank,blank,blank,/I/ /h/i/t/ /m/y/ /e/l/b/o/w/ /o/n/ /t/h/e/ /e/d/g/e/ /o/f/ /t/h/e/ /t/a/b/l/e/./ /I/t/ /r/e/a/l/l/y/ /h/u/r/t/././
90,blank,blank,blank,blank,blank,/I/f/ /I/ /c/o/u/l/d/ /l/i/v/e/ /i/n/ /a/ /d/u/s/t/ /f/r/e/e/ /w/o/r/l/d/ /t/h/e/n/ /w/e/ /c/o/u/l/d/ /l/e/s/s/ /c/l/e/a/n/ /t/h/e/ /h/o/u/s/e/./ /H/o/w/ /g/o/o/d/ /t/h/a/t/ /w/o/u/l/d/ /b/e/././
91,blank,blank,blank,blank,blank,/E/a/t/i/n/g/ /v/i/t/a/m/i/n/s/ /a/r/e/ /i/m/p/o/r/t/a/n/t/./ /I/ /c/a/n/ /b/u/y/ /t/h/e/m/ /o/u/t/s/i/d/e/./
92,blank,blank,blank,blank,blank,"/I/f/ /I/ /w/a/n/t/ /t/o/ /d/r/i/n/k/ /c/o/l/d/ /o/r/ /w/a/r/m/ /d/r/i/n/k/s/,/ /I/ /c/a/n/ /b/u/y/ /t/h/e/m/ /o/u/t/s/i/d/e/./"
93,blank,blank,blank,blank,blank,/S/o/m/e/t/i/m/e/s/ /t/h/e/r/e/'/s/ /n/o/t/h/i/n/g/ /t/o/ /s/a/y/./
94,blank,blank,blank,blank,blank,"/W/h/e/n/ /t/a/l/k/i/n/g/ /t/o/o/ /m/u/c/h/,/ /m/y/ /t/h/r/o/a/t/ /d/r/i/e/s/./"
95,blank,blank,blank,blank,blank,/H/a/v/i/n/g/ /c/o/n/v/e/r/s/a/t/i/o/n/s/ /i/s/ /h/a/r/d/./
96,blank,blank,blank,blank,blank,/I/ /h/a/v/e/ /t/o/o/ /m/u/c/h/ /d/r/e/a/m/s/ /r/e/c/e/n/t/l/y/./
97,blank,blank,blank,blank,blank,"/T/o/ /r/e/m/e/m/b/e/r/ /w/h/a/t/ /I/ /h/a/v/e/ /t/h/o/u/g/h/t/,/ /t/a/k/i/n/g/ /n/o/t/e/s/ /i/s/ /a/ /g/o/o/d/ /h/a/b/i/t/./"
98,blank,blank,blank,blank,blank,/I/t/'/s/ /g/e/t/t/i/n/g/ /h/o/t/ /w/h/e/n/ /i/t/'/s/ /s/u/m/m/e/r/./ /I/ /s/w/e/a/t/ /a/ /l/o/t/./
99,blank,blank,blank,blank,blank,/C/h/e/r/r/y/ /b/l/o/s/s/o/m/s/ /a/r/e/ /b/e/a/u/t/i/f/u/l/ /i/n/ /s/p/r/i/n/g/./
100,blank,blank,blank,blank,blank,/T/r/e/e/s/ /l/o/o/k/ /c/o/l/d/ /s/i/n/c/e/ /l/e/a/v/e/s/ /h/a/v/e/ /f/a/l/l/e/n/ /a/w/a/y/ /i/n/ /a/u/t/u/m/n/./
101,blank,blank,blank,blank,blank,/S/n/o/w/ /f/a/l/l/s/ /i/n/ /w/i/n/t/e/r/./ /A/n/d/ /i/t/ /g/e/t/s/ /c/o/l/d/./././
102,blank,blank,blank,blank,blank,"/W/h/e/n/ /t/h/e/ /s/e/a/s/o/n/s/ /c/h/a/n/g/e/,/ /w/e/ /h/a/v/e/ /t/o/ /b/e/ /c/a/r/e/f/u/l/ /n/o/t/ /t/o/ /c/a/t/c/h/ /a/ /c/o/l/d/./"
103,blank,blank,blank,blank,blank,/S/o/m/e/t/i/m/e/s/ /i/t/ /s/n/o/w/s/ /e/v/e/n/ /i/n/ /s/p/r/i/n/g/./
104,blank,blank,blank,blank,blank,/T/h/e/ /d/r/o/n/i/n/g/ /o/f/ /t/h/e/ /c/i/c/a/d/a/s/ /i/s/ /t/h/e/ /s/i/g/n/ /o/f/ /s/u/m/m/e/r/./
105,blank,blank,blank,blank,blank,/I/t/'/s/ /g/o/o/d/ /t/o/ /h/e/a/r/ /t/h/e/ /r/u/f/f/l/i/n/g/ /s/o/u/n/d/ /o/f/ /s/t/e/p/p/i/n/g/ /l/e/a/v/e/s/ /i/n/ /a/u/t/u/m/n/./
106,blank,blank,blank,blank,blank,"/W/h/e/n/ /w/e/a/r/i/n/g/ /t/h/i/n/ /c/l/o/t/h/e/s/,/ /i/t/ /w/o/u/l/d/ /b/e/ /c/o/l/d/./"
107,blank,blank,blank,blank,blank,/T/u/r/t/l/e/s/ /d/o/n/'/t/ /h/i/b/e/r/n/a/t/e/ /i/n/ /w/a/r/m/ /p/l/a/c/e/s/./
108,blank,blank,blank,blank,blank,/I/ /w/o/n/d/e/r/ /h/o/w/ /p/y/r/a/m/i/d/s/ /a/r/e/ /m/a/d/e/ /i/n/ /t/h/e/ /d/e/s/e/r/t/./
109,blank,blank,blank,blank,blank,/I/ /o/n/c/e/ /s/a/w/ /s/o/m/e/ /p/h/o/t/o/s/ /o/f/ /b/e/a/u/t/i/f/u/l/ /c/i/t/i/e/s/./ /I/ /w/a/n/t/ /t/o/ /g/o/ /t/h/e/r/e/ /s/o/m/e/t/i/m/e/./
110,blank,blank,blank,blank,blank,/T/h/e/r/e/ /m/a/y/ /b/e/ /a/n/i/m/a/l/s/ /i/n/ /t/h/e/ /p/l/a/i/n/./
111,blank,blank,blank,blank,blank,"/I/f/ /I/ /h/a/v/e/ /w/o/r/k/ /t/o/ /d/o/,/ /t/h/e/n/ /I/ /s/h/o/u/l/d/ /d/o/ /i/t/ /w/i/t/h/ /a/l/l/ /m/y/ /b/e/s/t/./"
112,blank,blank,blank,blank,blank,/(/T/h/e/y/ /w/e/r/e/ /d/o/z/i/n/g/ /f/o/r/ /a/ /s/e/c/o/n/d/ /a/n/d/ /w/o/k/e/ /u/p/./)/
113,blank,blank,blank,blank,blank,/I/ /f/e/e/l/ /l/i/k/e/ /s/i/n/g/i/n/g/./ /T/h/e/ /s/o/u/n/d/ /w/o/u/l/d/n/'/t/ /b/e/ /h/e/a/r/d/ /f/r/o/m/ /t/h/e/ /r/a/i/n/./
114,blank,blank,blank,blank,blank,"/(/T/h/e/y/ /w/e/r/e/ /l/o/o/k/i/n/g/ /a/t/ /t/h/e/ /c/e/i/l/i/n/g/,/ /a/n/d/ /w/h/e/n/ /f/o/l/l/o/w/i/n/g/ /t/h/e/ /s/i/g/h/t/,/ /I/ /f/o/u/n/d/ /a/ /w/e/b/./)/"
115,blank,blank,blank,blank,blank,/I/ /w/a/s/ /t/r/y/i/n/g/ /t/o/ /c/o/o/k/ /b/u/t/ /I/ /g/o/t/ /h/u/r/t/./ /I/ /w/a/n/t/ /t/o/ /b/e/ /g/o/o/d/ /a/t/ /c/o/o/k/i/n/g/ /s/o/o/n/./
116,blank,blank,blank,blank,blank,/I/ /w/a/s/ /d/r/e/a/m/i/n/g/ /o/f/ /f/l/y/i/n/g/./ /T/h/e/n/ /I/ /c/o/u/l/d/ /g/o/ /a/b/o/v/e/ /t/h/e/ /c/l/o/u/d/s/ /a/n/d/ /s/e/e/ /t/h/e/ /s/u/n/l/i/g/h/t/./
117,blank,blank,blank,blank,blank,/I/ /w/a/s/ /c/l/e/a/n/i/n/g/ /t/h/e/ /t/o/i/l/e/t/./ /I/t/ /w/a/s/ /t/i/r/i/n/g/ /b/u/t/ /f/e/l/t/ /g/o/o/d/ /w/h/e/n/ /i/t/ /w/a/s/ /c/l/e/a/n/./
118,blank,blank,blank,blank,blank,/I/ /w/a/n/t/ /t/o/ /d/r/i/n/k/ /s/o/m/e/ /j/u/i/c/e/./ /I/t/ /w/o/u/l/d/ /b/e/ /f/r/e/s/h/ /a/n/d/ /s/w/e/e/t/./
119,blank,blank,blank,blank,blank,/I/ /b/o/t/h/ /l/i/k/e/ /c/h/o/c/o/l/a/t/e/ /a/n/d/ /c/a/n/d/y/./ /T/h/e/y/ /a/r/e/ /s/w/e/e/t/./ /I/ /f/e/e/l/ /m/u/c/h/ /b/e/t/t/e/r/ /w/h/e/n/ /e/a/t/i/n/g/ /o/n/e/ /o/f/ /t/h/e/m/./
120,blank,blank,blank,blank,blank,/I/ /w/a/n/t/ /t/o/ /d/i/p/ /a/ /p/i/e/c/e/ /o/f/ /b/r/e/a/d/ /i/n/ /s/o/u/p/./ /I/ /w/a/n/t/ /t/o/ /e/a/t/ /t/h/e/m/./
121,blank,blank,blank,blank,blank,/I/t/'/s/ /g/o/o/d/ /t/o/ /r/e/a/d/ /d/i/f/f/e/r/e/n/t/ /k/i/n/d/s/ /o/f/ /b/o/o/k/s/./ /I/ /w/o/n/d/e/r/ /w/h/a/t/ /o/t/h/e/r/ /k/i/n/d/s/ /o/f/ /b/o/o/k/s/ /a/r/e/ /t/h/e/r/e/ /i/n/ /t/h/e/ /w/o/r/l/d/./
122,blank,blank,blank,blank,blank,/I/ /c/a/n/ /w/r/i/t/e/ /t/h/i/n/g/s/ /o/n/ /t/h/e/ /m/e/m/o/ /i/f/ /I/ /h/a/v/e/ /t/h/e/m/./ /T/h/e/n/ /I/ /c/o/u/l/d/ /s/t/i/c/k/ /t/h/e/m/ /t/o/ /p/l/a/c/e/s/ /t/o/ /s/e/e/ /i/t/./
123,blank,blank,blank,blank,blank,"/I/f/ /I/'/m/ /s/l/e/e/p/y/,/ /I/ /c/o/u/l/d/ /s/l/e/e/p/./ /S/l/e/e/p/i/n/g/ /i/s/ /n/e/e/d/e/d/ /f/o/r/ /l/i/f/e/./"
124,blank,blank,blank,blank,blank,/T/h/e/ /c/o/l/o/r/ /o/f/ /t/h/e/ /c/u/r/t/a/i/n/s/ /l/o/o/k/ /g/o/o/d/./
125,blank,blank,blank,blank,blank,/I/ /l/i/k/e/ /t/h/e/ /d/r/i/z/z/l/i/n/g/ /s/o/u/n/d/ /o/f/ /t/h/e/ /r/a/i/n/ /h/i/t/t/i/n/g/ /t/h/e/ /w/i/n/d/o/w/./ /I/t/ /f/e/e/l/s/ /l/i/k/e/ /i/t/'/s/ /c/a/l/l/i/n/g/ /m/e/./
126,blank,blank,blank,blank,blank,/R/a/i/n/d/r/o/p/s/ /f/e/l/l/ /t/h/r/o/u/g/h/ /t/h/e/ /w/i/n/d/o/w/ /w/h/e/n/ /I/ /o/p/e/n/e/d/ /i/t/ /t/o/ /r/e/f/r/e/s/h/ /t/h/e/ /r/o/o/m/./ /S/o/ /I/ /h/a/d/ /t/o/ /c/l/o/s/e/ /t/h/e/m/ /q/u/i/c/k/l/y/././
127,blank,blank,blank,blank,blank,"/W/h/e/n/ /I/ /o/p/e/n/e/d/ /t/h/e/ /w/i/n/d/o/w/s/,/ /a/ /n/e/w/s/p/a/p/e/r/ /c/a/m/e/ /i/n/ /t/h/r/o/u/g/h/ /t/h/e/ /w/i/n/d/./ /B/u/t/ /I/ /c/o/u/l/d/n/'/t/ /r/e/a/d/ /t/h/e/m/ /s/i/n/c/e/ /i/t/ /w/a/s/ /w/e/t/./"
128,blank,blank,blank,blank,blank,"/N/o/w/ /e/v/e/n/ /i/f/ /t/h/e/ /w/i/n/d/ /b/l/o/w/s/ /h/a/r/d/,/ /t/h/e/ /w/i/n/d/o/w/s/ /d/o/n/'/t/ /r/a/t/t/l/e/ /a/n/y/m/o/r/e/./"
129,blank,blank,blank,blank,blank,/D/o/ /t/u/r/t/l/e/s/ /l/i/k/e/ /r/a/i/n/ /o/r/ /n/o/t/?/ /H/m/m/
130,blank,blank,blank,blank,blank,/I/ /h/e/a/r/d/ /s/o/m/e/ /t/u/r/t/l/e/s/ /a/r/e/ /f/a/s/t/./ /W/o/u/l/d/ /t/h/a/t/ /b/e/ /t/r/u/e/?/
131,blank,blank,blank,blank,blank,"/O/n/e/ /t/i/m/e/,/ /t/h/e/ /t/u/r/t/l/e/ /w/a/s/ /n/o/t/ /m/o/v/i/n/g/ /s/o/ /I/ /l/o/o/k/e/d/ /a/t/ /i/t/ /c/a/r/e/f/u/l/l/y/ /b/u/t/ /i/t/ /w/a/s/ /o/n/l/y/ /s/l/e/e/p/i/n/g/./"
132,blank,blank,blank,blank,blank,/A/ /t/u/r/t/l/e/ /w/a/s/ /a/b/o/u/t/ /t/o/ /e/a/t/ /a/ /l/e/a/f/ /o/f/ /a/ /p/l/a/n/t/./ /I/t/ /c/o/u/l/d/ /h/a/v/e/ /b/e/e/n/ /a/ /t/r/o/u/b/l/e/./
133,blank,blank,blank,blank,blank,/(/W/e/ /m/e/t/ /o/u/r/ /e/y/e/s/ /a/n/d/ /d/i/d/ /t/h/e/ /s/t/a/r/i/n/g/ /c/o/n/t/e/s/t/./ /T/h/e/ /t/u/r/t/l/e/ /t/u/r/n/e/d/ /a/w/a/y/./)/
134,blank,blank,blank,blank,blank,/U/m/b/r/e/l/l/a/s/ /s/h/o/u/l/d/ /b/e/ /k/e/p/t/ /i/n/ /t/h/e/i/r/ /h/o/l/d/e/r/s/./
135,blank,blank,blank,blank,blank,/W/e/ /n/e/e/d/ /t/o/ /r/e/s/t/ /a/f/t/e/r/ /w/a/t/c/h/i/n/g/ /T/V/ /f/o/r/ /a/ /l/o/n/g/ /t/i/m/e/./
136,blank,blank,blank,blank,blank,/B/u/g/s/ /p/a/s/s/ /s/o/ /f/a/s/t/./
137,blank,blank,blank,blank,blank,/W/e/b/s/ /a/r/e/ /e/v/e/r/y/w/h/e/r/e/./ /S/o/m/e/t/i/m/e/s/ /i/t/ /s/t/i/c/k/s/ /o/n/ /m/y/ /f/a/c/e/./
138,blank,blank,blank,blank,blank,/W/h/e/r/e/ /d/i/d/ /a/l/l/ /t/h/e/ /b/u/g/s/ /g/o/?/ /I/ /w/o/n/d/e/r/./
139,blank,blank,blank,blank,blank,/L/i/g/h/t/ /m/a/k/e/s/ /t/h/e/ /r/o/o/m/ /b/r/i/g/h/t/e/r/./ /T/h/e/y/ /a/r/e/ /n/e/e/d/e/d/./
140,blank,blank,blank,blank,blank,/P/l/a/n/t/s/ /n/e/e/d/ /c/a/r/e/ /a/n/d/ /p/a/t/i/e/n/c/e/./
141,blank,blank,blank,blank,blank,/D/o/ /y/o/u/ /h/a/v/e/ /c/u/p/s/?/ /T/h/e/y/ /a/r/e/ /u/s/e/f/u/l/ /f/o/r/ /c/o/l/l/e/c/t/i/n/g/ /r/a/i/n/w/a/t/e/r/./
142,blank,blank,blank,blank,blank,"/I/t/'/s/ /g/o/o/d/ /t/o/ /s/l/e/e/p/ /b/u/t/ /i/f/ /y/o/u/ /s/l/e/e/p/ /t/o/o/ /m/u/c/h/,/ /i/t/'/s/ /n/o/t/ /g/o/o/d/ /f/o/r/ /y/o/u/r/ /h/e/a/l/t/h/./"
143,blank,blank,blank,blank,blank,/I/ /c/a/n/ /s/e/e/ /h/o/w/ /t/h/e/ /w/o/r/l/d/ /g/o/e/s/ /w/h/e/n/ /I/ /r/e/a/d/ /n/e/w/s/p/a/p/e/r/s/./
144,blank,blank,blank,blank,blank,"/J/o/k/e/s/ /f/r/o/m/ /n/e/w/s/p/a/p/e/r/s/ /a/r/e/ /f/u/n/,/ /r/i/g/h/t/?/"
145,blank,blank,blank,blank,blank,"/W/h/e/n/ /r/e/a/d/i/n/g/ /n/e/w/s/p/a/p/e/r/s/,/ /I/ /c/a/n/ /l/e/a/r/n/ /f/o/u/r/ /C/h/i/n/e/s/e/ /c/h/a/r/a/c/t/e/r/ /i/d/i/o/m/s/./"
146,blank,blank,blank,blank,blank,/T/h/e/ /s/m/e/l/l/ /o/f/ /p/a/p/e/r/ /s/t/a/y/s/ /l/o/n/g/e/r/ /b/e/c/a/u/s/e/ /o/f/ /r/a/i/n/./
147,blank,blank,blank,blank,blank,"/S/o/m/e/t/i/m/e/s/,/ /t/h/e/ /s/o/u/n/d/ /o/f/ /r/a/i/n/ /s/e/e/m/s/ /l/i/k/e/ /a/ /c/o/n/c/e/r/t/ /f/o/r/ /m/e/./"
148,blank,blank,blank,blank,blank,/T/h/e/ /p/l/a/c/e/ /I/ /l/i/v/e/ /i/n/ /i/s/ /o/n/e/ /s/m/a/l/l/ /r/o/o/m/./ /T/h/e/r/e/'/s/ /n/o/t/h/i/n/g/ /m/o/r/e/./
149,blank,blank,blank,blank,blank,/I/t/ /s/e/e/m/s/ /b/i/r/d/s/ /l/i/v/e/ /i/n/ /a/ /w/o/r/l/d/ /w/h/e/r/e/ /t/h/e/y/ /c/a/n/ /f/r/e/e/l/y/ /f/l/y/ /s/i/n/c/e/ /r/a/i/n/ /c/o/m/e/s/ /a/n/d/ /g/o/./
150,blank,blank,blank,blank,blank,/R/a/i/n/ /g/i/v/e/s/ /h/a/p/p/i/n/e/s/s/ /t/o/ /o/n/e/s/ /b/u/t/ /s/a/d/n/e/s/s/ /t/o/ /o/t/h/e/r/s/./
151,blank,blank,blank,blank,blank,/R/a/i/n/s/ /h/e/l/p/ /d/u/s/t/ /g/o/ /a/w/a/y/./
152,blank,blank,blank,blank,blank,/I/ /w/a/n/t/ /t/o/ /e/a/t/ /s/a/n/d/w/i/c/h/e/s/ /b/u/t/ /t/h/e/r/e/ /a/r/e/ /s/o/ /m/a/n/y/ /v/e/g/e/t/a/b/l/e/s/./
153,blank,blank,blank,blank,blank,/I/ /w/a/n/t/ /t/o/ /e/a/t/ /c/h/i/p/s/ /o/u/t/s/i/d/e/./
154,blank,blank,blank,blank,blank,/I/ /r/e/m/e/m/b/e/r/ /h/o/w/ /w/a/r/m/ /t/h/e/ /s/u/n/s/h/i/n/e/ /w/a/s/ /o/n/ /m/e/./
155,blank,blank,blank,blank,blank,/I/ /r/e/m/e/m/b/e/r/ /w/h/e/n/ /I/ /u/s/e/d/ /t/o/ /p/l/a/y/ /o/u/t/s/i/d/e/ /i/n/ /t/h/e/ /r/a/i/n/./
156,blank,blank,blank,blank,blank,/H/a/v/e/ /y/o/u/ /s/e/e/n/ /f/i/r/e/f/l/i/e/s/?/ /T/h/e/y/ /s/e/e/m/ /t/o/ /s/h/i/n/e/ /l/i/k/e/ /s/t/a/r/s/./ /B/u/t/ /I/ /c/a/n/'/t/ /s/e/e/ /t/h/e/m/ /a/n/y/m/o/r/e/./
157,blank,blank,blank,blank,blank,/I/ /o/n/c/e/ /t/a/p/p/e/d/ /a/ /d/o/g/ /a/n/d/ /i/t/s/ /f/u/r/s/ /w/e/r/e/ /s/m/o/o/t/h/./
158,blank,blank,blank,blank,blank,"/I/f/ /I/ /d/o/n/'/t/ /c/l/e/a/n/ /t/h/e/ /r/o/o/m/,/ /m/o/r/e/ /d/u/s/t/ /i/s/ /i/n/ /t/h/e/ /r/o/o/m/./"
159,blank,blank,blank,blank,blank,"/A/ /l/i/g/h/t/ /c/a/m/e/ /t/h/r/o/u/g/h/ /t/h/e/ /w/i/n/d/o/w/ /a/n/d/ /w/h/e/n/ /I/ /s/a/w/ /i/t/,/ /i/t/ /w/a/s/ /m/o/o/n/l/i/g/h/t/ /t/h/r/o/u/g/h/ /t/h/e/ /c/l/o/u/d/s/./"
160,blank,blank,blank,blank,blank,/E/v/e/r/y/t/h/i/n/g/ /b/e/c/o/m/e/s/ /d/a/m/p/ /a/f/t/e/r/ /t/h/e/ /r/a/i/n/./ /A/t/ /l/e/a/s/t/ /t/h/e/r/e/'/s/ /l/e/s/s/ /c/h/a/n/c/e/s/ /o/f/ /f/i/r/e/./
161,blank,blank,blank,blank,blank,"/W/h/e/n/ /t/h/u/n/d/e/r/ /r/o/a/r/s/,/ /i/t/ /i/s/ /s/c/a/r/y/./ /B/u/t/ /I/ /c/a/n/ /g/e/t/ /u/s/e/d/ /t/o/ /i/t/./"
162,blank,blank,blank,blank,blank,"/W/h/e/n/ /I/ /l/i/e/ /t/o/ /s/l/e/e/p/,/ /t/u/c/k/i/n/g/ /m/y/s/e/l/f/ /u/n/d/e/r/ /a/ /b/l/a/n/k/e/t/ /c/a/n/ /m/a/k/e/ /m/e/ /h/a/v/e/ /g/o/o/d/ /d/r/e/a/m/s/./"
163,blank,blank,blank,blank,blank,/I/ /c/l/e/a/n/e/d/ /t/h/e/ /d/u/s/t/ /f/r/o/m/ /t/h/e/ /b/o/o/k/s/h/e/l/v/e/s/ /b/e/f/o/r/e/ /y/o/u/ /c/a/m/e/./
164,blank,blank,blank,blank,blank,"/W/h/e/n/ /k/e/e/p/i/n/g/ /t/h/e/ /r/o/o/m/ /p/l/e/a/s/a/n/t/,/ /i/t/'/s/ /g/o/o/d/ /f/o/r/ /m/y/ /h/e/a/l/t/h/./"
165,blank,blank,blank,blank,blank,"/W/h/e/n/ /I/ /h/e/a/r/d/ /t/h/e/ /n/o/i/s/e/ /o/u/t/s/i/d/e/ /t/h/e/ /w/i/n/d/o/w/,/ /I/ /s/a/w/ /c/h/i/l/d/r/e/n/ /p/l/a/y/i/n/g/ /u/n/d/e/r/ /t/h/e/ /r/a/i/n/./"
166,blank,blank,blank,blank,blank,"/W/h/e/n/ /w/e/a/r/i/n/g/ /t/h/i/n/ /c/l/o/t/h/e/s/,/ /y/o/u/ /c/a/n/ /g/e/t/ /c/o/l/d/./ /S/o/ /b/e/ /c/a/r/e/f/u/l/ /n/o/t/ /t/o/ /c/a/t/c/h/ /a/ /c/o/l/d/./"
167,blank,blank,blank,blank,blank,/I/t/'/s/ /g/o/o/d/ /t/o/ /b/e/ /h/e/a/l/t/h/y/./ /S/o/ /k/e/e/p/ /y/o/u/r/ /h/e/a/l/t/h/./
168,blank,blank,blank,blank,blank,/(/W/e/ /m/e/t/ /o/u/r/ /e/y/e/s/ /w/h/e/n/ /I/ /c/o/u/g/h/e/d/./)/ /I/'/m/ /f/i/n/e/./
169,blank,blank,blank,blank,blank,/E/x/e/r/c/i/s/i/n/g/ /i/s/ /i/m/p/o/r/t/a/n/t/./ /I/t/'/s/ /g/o/o/d/ /t/o/ /t/a/k/e/ /a/ /w/a/l/k/ /t/o/g/e/t/h/e/r/./
170,blank,blank,blank,blank,blank,"/T/h/e/r/e/ /a/r/e/ /d/i/f/f/e/r/e/n/t/ /k/i/n/d/s/ /o/f/ /b/r/e/a/d/./ /T/h/e/r/e/ /a/r/e/ /s/e/v/e/r/a/l/ /f/i/l/l/i/n/g/s/ /i/n/s/i/d/e/./ /R/e/d/ /b/e/a/n/s/,/ /C/r/e/a/m/s/./././ /O/h/,/ /I/ /f/e/e/l/ /l/i/k/e/ /e/a/t/i/n/g/ /t/h/e/m/ /r/i/g/h/t/ /n/o/w/./"
171,blank,blank,blank,blank,blank,/(/T/h/e/y/ /w/e/r/e/ /w/a/t/c/h/i/n/g/ /T/V/ /a/n/d/ /s/t/o/p/p/e/d/ /w/a/t/c/h/i/n/g/ /i/t/./)/
172,blank,blank,blank,blank,blank,"/(/A/f/t/e/r/ /l/o/o/k/i/n/g/ /a/t/ /t/h/e/ /c/e/i/l/i/n/g/,/ /t/h/e/y/ /l/o/o/k/e/d/ /e/l/s/e/w/h/e/r/e/./)/"
173,blank,blank,blank,blank,blank,/I/t/ /h/e/l/p/s/ /t/o/ /c/h/e/c/k/ /g/r/a/m/m/a/r/ /w/h/e/n/ /I/ /c/a/n/ /r/e/a/d/ /a/ /l/o/t/ /o/f/ /b/o/o/k/s/./
174,blank,blank,blank,blank,blank,"/W/h/e/n/ /r/a/i/n/ /f/a/l/l/s/ /a/n/d/ /e/a/t/ /c/o/t/t/o/n/ /c/a/n/d/y/,/ /t/h/e/ /b/r/e/e/z/e/ /o/f/ /t/h/e/ /w/i/n/d/ /c/a/n/ /m/a/k/e/ /c/o/t/t/o/n/ /c/a/n/d/y/ /m/e/l/t/ /i/n/ /t/h/e/ /r/a/i/n/./"
175,blank,blank,blank,blank,blank,/L/i/g/h/t/s/ /w/e/r/e/ /o/u/t/ /w/h/e/n/ /t/h/u/n/d/e/r/ /r/o/a/r/e/d/./
176,blank,blank,blank,blank,blank,"/W/h/e/n/ /I/ /w/a/s/ /c/h/i/l/d/,/ /I/ /u/s/e/d/ /t/o/ /g/e/t/ /s/c/a/r/e/d/ /w/h/e/n/ /l/i/g/h/t/s/ /w/e/r/e/ /o/u/t/./ /I/n/ /f/a/c/t/,/ /I/'/m/ /s/c/a/r/e/d/ /t/i/l/l/ /n/o/w/./"
177,blank,blank,blank,blank,blank,"/W/h/e/n/ /i/t/'/s/ /d/a/r/k/,/ /n/o/t/h/i/n/g/ /c/a/n/ /b/e/ /s/e/e/n/./ /S/o/ /i/t/'/s/ /f/r/u/s/t/r/a/t/i/n/g/./"
178,blank,blank,blank,blank,blank,/I/ /u/s/e/d/ /t/o/ /g/o/ /t/o/ /t/h/e/ /b/e/a/c/h/ /b/u/t/ /I/ /c/o/u/l/d/n/'/t/ /s/w/i/m/ /s/o/ /I/ /m/a/d/e/ /a/ /s/a/n/d/c/a/s/t/l/e/./
179,blank,blank,blank,blank,blank,"/W/h/e/n/ /m/y/ /e/a/r/s/ /a/r/e/ /c/l/o/s/e/ /t/o/ /s/h/e/l/l/s/,/ /I/ /c/a/n/ /h/e/a/r/ /t/h/e/ /s/o/u/n/d/ /o/f/ /t/h/e/ /s/e/a/./"
180,blank,blank,blank,blank,blank,/T/h/e/ /s/o/u/n/d/ /o/f/ /t/h/e/ /s/e/a/ /m/a/k/e/s/ /m/e/ /s/l/e/e/p/./
181,blank,blank,blank,blank,blank,"/W/h/e/n/ /f/l/o/w/e/r/s/ /b/l/o/o/m/,/ /I/ /f/e/e/l/ /g/o/o/d/ /t/o/o/./"
182,blank,blank,blank,blank,blank,"/W/h/e/n/ /I/ /w/a/s/ /t/o/o/k/ /a/ /r/i/d/e/ /o/n/ /t/h/e/ /c/a/r/o/u/s/e/l/,/ /i/t/ /w/a/s/ /b/e/a/u/t/i/f/u/l/./"
183,blank,blank,blank,blank,blank,"/E/v/e/n/ /i/f/ /I/'/m/ /l/a/z/y/,/ /I/ /n/e/e/d/ /t/o/ /m/o/v/e/ /w/h/e/n/ /I/ /h/a/v/e/ /t/o/./"
184,blank,blank,blank,blank,blank,/I/ /s/a/w/ /a/ /b/a/b/y/ /w/h/e/n/ /I/ /t/o/o/k/ /a/ /w/a/l/k/./
185,blank,blank,blank,blank,blank,/C/l/i/m/b/i/n/g/ /a/ /m/o/u/n/t/a/i/n/ /i/s/ /a/ /l/i/t/t/l/e/ /h/a/r/d/ /f/o/r/ /m/e/./
186,blank,blank,blank,blank,blank,/T/h/e/ /n/i/g/h/t/ /v/i/e/w/ /i/s/ /b/e/a/u/t/i/f/u/l/ /e/v/e/r/y/t/i/m/e/./
187,blank,blank,blank,blank,blank,/I/ /w/a/n/t/ /t/o/ /s/e/e/ /a/ /r/a/i/n/b/o/w/ /a/f/t/e/r/ /t/h/e/ /r/a/i/n/f/a/l/l/./
188,blank,blank,blank,blank,blank,/I/ /h/a/v/e/ /t/o/ /w/e/a/r/ /a/ /m/a/s/k/ /a/f/t/e/r/ /t/h/e/ /d/u/s/t/ /g/e/t/s/ /s/e/v/e/r/e/./
189,blank,blank,blank,blank,blank,/I/ /f/e/e/l/ /r/e/f/r/e/s/h/e/d/ /a/f/t/e/r/ /s/l/e/e/p/i/n/g/./
190,blank,blank,blank,blank,blank,/T/h/e/r/e/'/s/ /a/ /l/o/t/ /o/f/ /b/e/e/s/ /i/n/ /s/p/r/i/n/g/./ /T/h/e/y/ /e/v/e/n/ /c/a/m/e/ /i/n/t/o/ /m/y/ /r/o/o/m/ /o/n/c/e/./
191,blank,blank,blank,blank,blank,/N/e/w/s/p/a/p/e/r/s/ /a/r/e/ /d/e/l/i/v/e/r/e/d/ /r/i/g/h/t/ /o/n/ /t/i/m/e/ /e/v/e/r/y/d/a/y/./
192,blank,blank,blank,blank,blank,/I/t/'/s/ /r/e/f/r/e/s/h/i/n/g/ /t/o/ /d/r/i/n/k/ /a/ /c/u/p/ /o/f/ /c/o/f/f/e/e/ /o/u/t/s/i/d/e/./
193,blank,blank,blank,blank,blank,"9/W/h/i/c/h/ /o/n/e/ /d/o/ /y/o/u/ /l/i/k/e/ /t/o/ /e/a/t/,/ /w/a/r/m/ /o/r/ /c/o/l/d/?/8/ /W/a/r/m/ / / / / / / /7/ /C/o/l/d/ / / / / / / /+/W/h/e/n/ /I/ /e/a/t/ /w/a/r/m/ /t/h/i/n/g/s/,/ /I/ /l/i/k/e/ /t/o/ /f/e/e/l/ /w/a/r/m/t/h/ /s/p/r/e/a/d/i/n/g/ /t/o/ /m/y/ /b/o/d/y/./ /J/u/s/t/ /w/a/n/t/ /t/o/ /d/r/i/n/k/ /h/o/t/ /c/o/c/o/a/ /w/i/t/h/ /m/a/r/s/h/m/a/l/l/o/w/s/./-/ /*/Y/o/u/ /c/a/n/ /c/o/o/l/ /i/t/ /d/o/w/n/ /w/i/t/h/ /a/ /c/o/l/d/ /t/h/i/n/g/./ /J/u/s/t/ /w/a/n/t/ /t/o/ /t/a/k/e/ /P/a/t/b/i/n/g/s/u/(/I/c/e/ /f/l/a/k/e/s/ /w/i/t/h/ /r/e/d/b/e/a/n/)/ /i/n/ /t/h/e/ /h/o/t/ /s/u/m/m/e/r/./=/"
194,blank,blank,blank,blank,blank,"9/D/i/d/ /y/o/u/ /s/e/e/ /t/h/e/ /b/i/r/d/ /f/l/y/ /a/w/a/y/?/8/ /I/ /s/a/w/ /i/t/ / / /7/ /I/ /d/o/n/'/t/ / / / /+/D/o/e/s/ /i/t/ /m/e/a/n/ /t/h/a/t/ /t/h/e/ /r/a/i/n/ /i/s/ /l/e/s/s/ /c/o/m/i/n/g/?/ /I/'/m/ /n/o/t/ /s/u/r/e/ /o/f/ /i/t/./-/ /*/D/i/d/ /I/ /s/e/e/ /i/t/ /w/r/o/n/g/?/ /I/f/ /I/ /s/a/w/ /a/ /b/i/r/d/,/ /I/ /t/h/i/n/k/ /i/t/ /m/i/g/h/t/ /r/a/i/n/ /a/ /l/i/t/t/l/e/./=/"
195,blank,blank,blank,blank,blank,"9/T/h/e/r/e/'/s/ /a/ /v/a/l/l/e/y/ /I/'/v/e/ /e/v/e/r/ /v/i/s/i/t/,/ /a/n/d/ /i/t/ /w/a/s/ /r/e/a/l/l/y/ /c/l/e/a/n/ /a/n/d/ /n/i/c/e/./ /W/h/e/n/ /t/h/e/ /r/a/i/n/ /s/t/o/p/s/,/ /w/h/y/ /d/o/n/'/t/ /w/e/ /g/o/ /t/o/g/e/t/h/e/r/?/8/ /G/r/e/a/t/ / / / / / /7/ /N/o/ /t/h/a/n/k/s/ / /+/I/t/'/l/l/ /b/e/ /f/u/n/./ /W/e/ /c/a/n/ /h/a/v/e/ /a/ /g/o/o/d/ /t/i/m/e/,/ /g/o/ /f/i/s/h/i/n/g/ /a/n/d/ /h/a/v/e/ /s/o/m/e/ /d/e/l/i/c/i/o/u/s/ /f/o/o/d/./-/ /*/Y/o/u/ /d/o/n/'/t/ /s/e/e/m/ /t/o/ /l/i/k/e/ /v/a/l/l/e/y/./ /I/t/'/s/ /a/l/s/o/ /g/o/o/d/ /t/o/ /s/t/a/y/ /a/t/ /h/o/m/e/./=/"
196,blank,blank,blank,blank,blank,"9/W/h/i/c/h/ /o/n/e/ /i/s/ /y/o/u/r/ /f/a/v/o/r/i/t/e/?/ /C/a/n/d/y/ /o/r/ /c/h/o/c/o/l/a/t/e/?/8/ /C/a/n/d/y/ / / / / / /7/ /C/h/o/c/o/l/a/t/e/ / /+/C/a/n/d/i/e/s/ /c/a/n/ /b/e/ /m/e/l/t/e/d/ /o/r/ /b/i/t/t/e/n/ /a/n/d/ /e/a/t/e/n/ /r/i/g/h/t/ /a/w/a/y/./ /I/ /c/a/n/ /e/a/t/ /i/t/ /i/n/ /v/a/r/i/o/u/s/ /w/a/y/s/./-/ /*/I/f/ /I/ /m/e/l/t/ /c/h/o/c/o/l/a/t/e/ /i/n/ /m/y/ /m/o/u/t/h/,/ /i/t/ /w/o/u/l/d/ /w/a/r/m/ /m/y/ /b/o/d/y/ /i/n/ /t/h/i/s/ /w/e/a/t/h/e/r/./=/"
197,blank,blank,blank,blank,blank,"9/I/ /t/h/i/n/k/ /I/ /s/h/o/u/l/d/ /g/o/ /g/e/t/ /m/y/ /h/a/i/r/ /c/u/t/./ /D/o/ /y/o/u/ /w/a/n/t/ /t/o/ /j/o/i/n/?/8/ /O/k/a/y/ / / / / / / /7/ /N/o/ /t/h/a/n/k/s/ / /+/T/h/e/n/ /p/l/e/a/s/e/ /h/e/l/p/ /m/e/ /p/i/c/k/ /a/ /h/a/i/r/s/t/y/l/e/ /t/h/a/t/ /f/i/t/s/ /m/e/ /w/e/l/l/./-/ /*/W/e/l/l/,/ /l/e/t/'/s/ /g/o/ /t/o/g/e/t/h/e/r/ /l/a/t/e/r/ /o/r/ /I/ /c/a/n/ /g/o/ /a/l/o/n/e/./=/"
198,blank,blank,blank,blank,blank,"9/H/a/v/e/ /y/o/u/ /e/v/e/r/ /p/u/t/ /r/i/c/e/ /c/a/k/e/ /i/n/ /i/n/s/t/a/n/t/ /n/o/o/d/l/e/?/8/ /Y/e/s/ / / / / / / / /7/ /N/o/ / / / / / / / / /+/I/ /s/o/m/e/t/i/m/e/s/ /d/o/./ /I/t/ /t/a/s/t/e/s/ /b/e/t/t/e/r/ /w/h/e/n/ /r/i/c/e/ /c/a/k/e/ /g/e/t/ /m/u/s/h/y/ /i/n/ /i/n/s/t/a/n/t/ /n/o/o/d/l/e/ /s/o/u/p/./-/ /*/T/h/e/n/ /y/o/u/ /c/a/n/ /p/u/t/ /o/t/h/e/r/ /i/n/g/r/e/d/i/e/n/t/s/ /l/i/k/e/ /e/g/g/,/ /s/c/a/l/l/i/o/n/ /i/n/./=/"
199,blank,blank,blank,blank,blank,"9/I/t/'/s/ /a/ /n/i/c/e/ /d/a/y/ /t/o/ /m/e/d/i/t/a/t/e/,/ /i/s/n/'/t/ /i/t/?/8/ /R/i/g/h/t/ / / / / / /7/ /W/e/l/l/ / / / / / / /+/S/o/ /d/o/ /y/o/u/ /w/a/n/t/ /t/o/ /j/o/i/n/ /m/e/?/ /W/e/l/l/,/ /I/'/m/ /a/l/r/e/a/d/y/ /d/o/i/n/g/ /i/t/./-/ /*/T/h/e/r/e/ /m/i/g/h/t/ /b/e/ /a/ /g/o/o/d/ /d/a/y/ /t/o/ /m/e/d/i/t/a/t/e/,/ /B/u/t/ /m/a/y/b/e/ /n/o/t/ /t/o/d/a/y/./=/"
200,blank,blank,blank,blank,blank,"9/D/o/ /y/o/u/ /b/e/l/i/e/v/e/ /y/o/u/r/ /l/i/f/e/ /w/i/l/l/ /g/e/t/ /b/e/t/t/e/r/?/8/ /Y/e/s/ / / / / / / / /7/ /D/e/f/i/n/i/t/e/l/y/ /+/M/e/,/ /t/o/o/./ /A/s/ /t/h/e/ /r/a/i/n/ /s/t/o/p/s/ /a/n/d/ /t/h/e/ /s/u/n/ /s/h/i/n/e/s/,/ /o/u/r/ /l/i/f/e/ /w/i/l/l/ /b/e/ /b/r/i/g/h/t/ /a/s/ /w/e/l/l/./-/ /*/R/i/g/h/t/./ /I/f/ /y/o/u/ /w/a/i/t/ /a/n/d/ /p/e/r/s/e/v/e/r/e/,/ /i/t/ /g/e/t/s/ /b/e/t/t/e/r/./=/"
201,blank,blank,blank,blank,blank,"9/A/s/ /I/ /a/s/k/e/d/ /y/o/u/ /b/e/f/o/r/e/,/ /d/o/ /y/o/u/ /l/i/k/e/ /t/a/l/k/i/n/g/ /w/i/t/h/ /m/e/?/8/ /Y/e/s/ / / / / / / / /7/ /N/o/ / / / / / / / / /+/(/T/h/e/y/ /t/u/r/n/e/d/ /a/n/d/ /l/o/o/k/e/d/ /a/t/ /m/e/./)/ /M/e/,/ /t/o/o/./ /I/t/'/s/ /h/a/r/d/ /t/o/ /s/p/e/a/k/ /u/p/./././-/ /*/Y/o/u/ /m/a/y/ /n/o/t/ /l/i/k/e/ /s/o/m/e/ /a/s/p/e/c/t/s/ /o/f/ /m/e/./ /B/u/t/ /c/o/m/i/n/g/ /t/o/ /m/e/e/t/ /m/e/ /o/f/t/e/n/ /m/e/a/n/s/ /y/o/u/ /d/o/n/'/t/ /h/a/t/e/ /m/e/./="
